device,kernel_ref,method,n_samples,proposed_warmup_s,raw_warmup_s,varied_param,varied_value
gpu,rodinia_hotspot,cv_threshold,1232,2.2188654719999996,1.84905456,cv_threshold_pct,1.0
gpu,rodinia_hotspot,cv_threshold,1232,2.2188654719999996,1.84905456,cv_threshold_pct,2.0
gpu,rodinia_hotspot,cv_threshold,1232,2.2188654719999996,1.84905456,cv_threshold_pct,5.0
gpu,rodinia_hotspot,cv_threshold,1232,2.2188654719999996,1.84905456,cv_threshold_pct,8.0
gpu,rodinia_hotspot,cv_threshold,1232,2.2188654719999996,1.84905456,cv_threshold_pct,10.0
gpu,rodinia_hotspot,cv_threshold,1232,1.84905456,1.84905456,margin,1.0
gpu,rodinia_hotspot,cv_threshold,1232,2.033960016,1.84905456,margin,1.1
gpu,rodinia_hotspot,cv_threshold,1232,2.2188654719999996,1.84905456,margin,1.2
gpu,rodinia_hotspot,cv_threshold,1232,2.403770928,1.84905456,margin,1.3
gpu,rodinia_hotspot,cv_threshold,1232,2.77358184,1.84905456,margin,1.5
gpu,rodinia_hotspot,cv_threshold,1232,0.0,0.0,min_mean_floor,0.0
gpu,rodinia_hotspot,cv_threshold,1232,0.3960716976,0.330059748,min_mean_floor,2.0
gpu,rodinia_hotspot,cv_threshold,1232,2.2188654719999996,1.84905456,min_mean_floor,5.0
gpu,rodinia_hotspot,cv_threshold,1232,2.2188654719999996,1.84905456,min_mean_floor,8.0
gpu,rodinia_hotspot,cv_threshold,1232,2.2188654719999996,1.84905456,min_mean_floor,12.0
gpu,rodinia_hotspot,cv_threshold,1232,2.2188654719999996,1.84905456,plateau_ratio,0.6
gpu,rodinia_hotspot,cv_threshold,1232,2.2188654719999996,1.84905456,plateau_ratio,0.7
gpu,rodinia_hotspot,cv_threshold,1232,2.2188654719999996,1.84905456,plateau_ratio,0.8
gpu,rodinia_hotspot,cv_threshold,1232,2.2188654719999996,1.84905456,plateau_ratio,0.9
gpu,rodinia_heartwall,cv_threshold,1049,0.2928630588,0.244052549,cv_threshold_pct,1.0
gpu,rodinia_heartwall,cv_threshold,1049,0.2928630588,0.244052549,cv_threshold_pct,2.0
gpu,rodinia_heartwall,cv_threshold,1049,0.2928630588,0.244052549,cv_threshold_pct,5.0
gpu,rodinia_heartwall,cv_threshold,1049,0.2928630588,0.244052549,cv_threshold_pct,8.0
gpu,rodinia_heartwall,cv_threshold,1049,0.2928630588,0.244052549,cv_threshold_pct,10.0
gpu,rodinia_heartwall,cv_threshold,1049,0.244052549,0.244052549,margin,1.0
gpu,rodinia_heartwall,cv_threshold,1049,0.2684578039,0.244052549,margin,1.1
gpu,rodinia_heartwall,cv_threshold,1049,0.2928630588,0.244052549,margin,1.2
gpu,rodinia_heartwall,cv_threshold,1049,0.3172683137,0.244052549,margin,1.3
gpu,rodinia_heartwall,cv_threshold,1049,0.3660788235,0.244052549,margin,1.5
gpu,rodinia_heartwall,cv_threshold,1049,0.0540694872,0.045057906,min_mean_floor,0.0
gpu,rodinia_heartwall,cv_threshold,1049,0.157273518,0.131061265,min_mean_floor,2.0
gpu,rodinia_heartwall,cv_threshold,1049,0.2928630588,0.244052549,min_mean_floor,5.0
gpu,rodinia_heartwall,cv_threshold,1049,0.2928630588,0.244052549,min_mean_floor,8.0
gpu,rodinia_heartwall,cv_threshold,1049,0.2928630588,0.244052549,min_mean_floor,12.0
gpu,rodinia_heartwall,cv_threshold,1049,0.2928630588,0.244052549,plateau_ratio,0.6
gpu,rodinia_heartwall,cv_threshold,1049,0.2928630588,0.244052549,plateau_ratio,0.7
gpu,rodinia_heartwall,cv_threshold,1049,0.2928630588,0.244052549,plateau_ratio,0.8
gpu,rodinia_heartwall,cv_threshold,1049,0.2928630588,0.244052549,plateau_ratio,0.9
gpu,rodinia_lavamd,cv_threshold,993,4.3752680472,3.646056706,cv_threshold_pct,1.0
gpu,rodinia_lavamd,cv_threshold,993,4.3752680472,3.646056706,cv_threshold_pct,2.0
gpu,rodinia_lavamd,cv_threshold,993,4.3752680472,3.646056706,cv_threshold_pct,5.0
gpu,rodinia_lavamd,cv_threshold,993,4.3752680472,3.646056706,cv_threshold_pct,8.0
gpu,rodinia_lavamd,cv_threshold,993,4.3752680472,3.646056706,cv_threshold_pct,10.0
gpu,rodinia_lavamd,cv_threshold,993,3.646056706,3.646056706,margin,1.0
gpu,rodinia_lavamd,cv_threshold,993,4.0106623766,3.646056706,margin,1.1
gpu,rodinia_lavamd,cv_threshold,993,4.3752680472,3.646056706,margin,1.2
gpu,rodinia_lavamd,cv_threshold,993,4.7398737178,3.646056706,margin,1.3
gpu,rodinia_lavamd,cv_threshold,993,5.469085059,3.646056706,margin,1.5
gpu,rodinia_lavamd,cv_threshold,993,0.0,0.0,min_mean_floor,0.0
gpu,rodinia_lavamd,cv_threshold,993,0.0,0.0,min_mean_floor,2.0
gpu,rodinia_lavamd,cv_threshold,993,4.3752680472,3.646056706,min_mean_floor,5.0
gpu,rodinia_lavamd,cv_threshold,993,4.3752680472,3.646056706,min_mean_floor,8.0
gpu,rodinia_lavamd,cv_threshold,993,4.3752680472,3.646056706,min_mean_floor,12.0
gpu,rodinia_lavamd,cv_threshold,993,4.3752680472,3.646056706,plateau_ratio,0.6
gpu,rodinia_lavamd,cv_threshold,993,4.3752680472,3.646056706,plateau_ratio,0.7
gpu,rodinia_lavamd,cv_threshold,993,4.3752680472,3.646056706,plateau_ratio,0.8
gpu,rodinia_lavamd,cv_threshold,993,4.3752680472,3.646056706,plateau_ratio,0.9
cpu,npb_bt,cv_threshold,24949,0.0720635556,0.060052963,cv_threshold_pct,1.0
cpu,npb_bt,cv_threshold,24949,0.0720635556,0.060052963,cv_threshold_pct,2.0
cpu,npb_bt,cv_threshold,24949,0.0720635556,0.060052963,cv_threshold_pct,5.0
cpu,npb_bt,cv_threshold,24949,0.0720635556,0.060052963,cv_threshold_pct,8.0
cpu,npb_bt,cv_threshold,24949,0.0720635556,0.060052963,cv_threshold_pct,10.0
cpu,npb_bt,cv_threshold,24949,0.060052963,0.060052963,margin,1.0
cpu,npb_bt,cv_threshold,24949,0.0660582593,0.060052963,margin,1.1
cpu,npb_bt,cv_threshold,24949,0.0720635556,0.060052963,margin,1.2
cpu,npb_bt,cv_threshold,24949,0.0780688519,0.060052963,margin,1.3
cpu,npb_bt,cv_threshold,24949,0.0900794445,0.060052963,margin,1.5
cpu,npb_bt,cv_threshold,24949,0.0720635556,0.060052963,plateau_ratio,0.6
cpu,npb_bt,cv_threshold,24949,0.0720635556,0.060052963,plateau_ratio,0.7
cpu,npb_bt,cv_threshold,24949,0.0720635556,0.060052963,plateau_ratio,0.8
cpu,npb_bt,cv_threshold,24949,0.0720635556,0.060052963,plateau_ratio,0.9
cpu,npb_cg,cv_threshold,6748,0.060065029199999995,0.050054191,cv_threshold_pct,1.0
cpu,npb_cg,cv_threshold,6748,0.060065029199999995,0.050054191,cv_threshold_pct,2.0
cpu,npb_cg,cv_threshold,6748,0.060065029199999995,0.050054191,cv_threshold_pct,5.0
cpu,npb_cg,cv_threshold,6748,0.060065029199999995,0.050054191,cv_threshold_pct,8.0
cpu,npb_cg,cv_threshold,6748,0.0,0.0,cv_threshold_pct,10.0
cpu,npb_cg,cv_threshold,6748,0.050054191,0.050054191,margin,1.0
cpu,npb_cg,cv_threshold,6748,0.0550596101,0.050054191,margin,1.1
cpu,npb_cg,cv_threshold,6748,0.060065029199999995,0.050054191,margin,1.2
cpu,npb_cg,cv_threshold,6748,0.0650704483,0.050054191,margin,1.3
cpu,npb_cg,cv_threshold,6748,0.0750812865,0.050054191,margin,1.5
cpu,npb_cg,cv_threshold,6748,0.060065029199999995,0.050054191,plateau_ratio,0.6
cpu,npb_cg,cv_threshold,6748,0.060065029199999995,0.050054191,plateau_ratio,0.7
cpu,npb_cg,cv_threshold,6748,0.060065029199999995,0.050054191,plateau_ratio,0.8
cpu,npb_cg,cv_threshold,6748,0.060065029199999995,0.050054191,plateau_ratio,0.9
cpu,rodinia_lud,changepoint,8535,,,cv_threshold_pct,1.0
cpu,rodinia_lud,cv_threshold,8535,0.3480637008,0.290053084,cv_threshold_pct,2.0
cpu,rodinia_lud,cv_threshold,8535,0.32166369720000004,0.268053081,cv_threshold_pct,5.0
cpu,rodinia_lud,cv_threshold,8535,0.27606370199999997,0.230053085,cv_threshold_pct,8.0
cpu,rodinia_lud,cv_threshold,8535,0.27606370199999997,0.230053085,cv_threshold_pct,10.0
cpu,rodinia_lud,cv_threshold,8535,0.268053081,0.268053081,margin,1.0
cpu,rodinia_lud,cv_threshold,8535,0.29485838910000006,0.268053081,margin,1.1
cpu,rodinia_lud,cv_threshold,8535,0.32166369720000004,0.268053081,margin,1.2
cpu,rodinia_lud,cv_threshold,8535,0.3484690053,0.268053081,margin,1.3
cpu,rodinia_lud,cv_threshold,8535,0.40207962150000004,0.268053081,margin,1.5
cpu,rodinia_lud,cv_threshold,8535,0.32166369720000004,0.268053081,plateau_ratio,0.6
cpu,rodinia_lud,cv_threshold,8535,0.32166369720000004,0.268053081,plateau_ratio,0.7
cpu,rodinia_lud,cv_threshold,8535,0.32166369720000004,0.268053081,plateau_ratio,0.8
cpu,rodinia_lud,cv_threshold,8535,0.32166369720000004,0.268053081,plateau_ratio,0.9
