config_id,operation,size,log10_n,flops_per_dispatch_analytic,log10_flops_per_dispatch,logical_bytes_per_dispatch,log10_logical_bytes,arithmetic_intensity_analytic,cpu_e_cold,log_cpu_e_cold,cpu_t_cold,log_cpu_t_cold,cpu_e_warm,log_cpu_e_warm,cpu_t_warm,log_cpu_t_warm,cpu_startup_e,cpu_startup_t,gpu_e_cold,log_gpu_e_cold,gpu_t_cold,log_gpu_t_cold,gpu_e_warm,log_gpu_e_warm,gpu_t_warm,log_gpu_t_warm,gpu_startup_e,gpu_startup_t
axpy_N10000,axpy,10000,4.0,20000.0,4.301029995663981,240000.0,5.380211241711606,0.08333333333333333,0.0008246468755943,-7.10055529284307,7.63e-06,-11.783422712667909,0.0007211880905045,-7.234610580215026,5.836048775345866e-06,-12.051456569671446,0.00010345878508979999,1.793951224654134e-06,88.28959796268714,4.480622297303476,0.6350012486666666,-0.4541283136871794,0.0155996227510383,-4.1605085476448,9.82224581453634e-05,-9.228275670733302,88.2739983399361,0.6349030262085212
axpy_N100000,axpy,100000,5.0,200000.0,5.301029995663981,2400000.0,6.380211241711606,0.08333333333333333,0.118726418556648,-2.1309334363627155,0.0010556699999999,-6.853579642536462,0.0106745893186894,-4.539889191924641,7.027797283152106e-05,-9.563052139234387,0.10805182923795861,0.000985392027168379,84.63628388680603,4.4383630622171,0.5909949143333333,-0.5259478668020091,0.0871537367923336,-2.4400816302263957,0.0005641360347298,-7.480215139219941,84.5491301500137,0.5904307782986035
axpy_N1000000,axpy,1000000,6.0,2000000.0,6.301029995663981,24000000.0,7.380211241711606,0.08333333333333333,0.1474088660375612,-1.9145451515272536,0.001250493,-6.684217405423164,0.1640444432296578,-1.8076178925677417,0.0010484661727413,-6.860426970668926,-0.0166355771920966,0.00020202682725870003,90.7439457377468,4.508041757285863,0.6133881086666667,-0.48875741342620677,0.4156832188396361,-0.877831801978026,0.0025252822313167,-5.981402447722258,90.32826251890717,0.6108628264353501
axpy_N10000000,axpy,10000000,7.0,20000000.0,7.301029995663981,240000000.0,8.380211241711606,0.08333333333333333,0.5331284828964685,-0.6289928277747084,0.0043165553333333,-5.445297571343106,1.4566868247430709,0.3761645588400253,0.0099475313965141,-4.610430859446598,-0.9235583418466023,-0.0056309760631808,92.9060157509046,4.531588398846033,0.6273668393333333,-0.46622383872928314,4.181496044998684,1.4306690880058464,0.0254947151807909,-3.6692840961086737,88.72451970590592,0.6018721241525423
axpy_N31622777,axpy,31622777,7.500000005470314,63245554.0,7.801030001134295,758946648.0,8.88021124718192,0.08333333333333333,1.6045630903710368,0.4728515016866181,0.010420434,-4.563986592852497,4.525878889829218,1.509811788088237,0.0312363881224489,-3.466171577773922,-2.9213157994581813,-0.0208159541224489,86.59548913676639,4.4612477257217416,0.5905352003333334,-0.5267260340573188,13.077912413910813,2.5709247319084314,0.0795564447719298,-2.531288512119383,73.51757672285558,0.5109787555614036
axpy_N3162278,axpy,3162278,6.500000046671104,6324556.0,6.801030042335086,75894672.0,7.88021128838271,0.08333333333333333,0.2516450738393689,-1.3797356213959597,0.0018916373333333,-6.270312511010956,0.4670355911375398,-0.761349811931296,0.0031130414694736,-5.7721550662257215,-0.21539051729817088,-0.0012214041361403001,93.99718357663522,4.543264819870447,0.6846485813333333,-0.37884959231100973,1.3233645367698337,0.28017738517604723,0.0081148552162162,-4.814058919676136,92.67381903986539,0.676533726117117
axpy_N316228,axpy,316228,5.500000321342935,632456.0,5.801030317006917,7589472.0,6.880211563054541,0.08333333333333333,0.0876683672072644,-2.434194137859122,0.001049242,-6.859687280273326,0.0323391102043385,-3.4314779389921912,0.0002113661006626,-8.461918853760293,0.055329257002925895,0.0008378758993374,79.66607436512749,4.37784382848841,0.5554434456666667,-0.5879884830660347,0.1665032752937124,-1.7927402983214107,0.0010540613053078,-6.855104666125799,79.49957108983378,0.5543893843613589
axpy_N31623,axpy,31623,4.500003068051694,63246.0,4.801033063715675,758952.0,5.880214309763299,0.08333333333333333,0.0833698895555415,-2.4844680713111043,0.0011028023333333,-6.8099007629905195,0.0041013965432985,-5.496427742953098,2.743507111195783e-05,-10.503688395440737,0.07926849301224301,0.0010753672622213421,87.07603093269127,4.4667816557764795,0.6175347906666667,-0.4820198709065145,0.0440501821488533,-3.12242579156075,0.0002873569239709,-8.154785477351984,87.03198075054242,0.6172474337426959
cholesky_N1024,cholesky,1024,3.010299956639812,357913941.3333333,8.553778615199773,16777216.0,7.224719895935548,21.333333333333332,2.4188708521634337,0.8833008412664922,0.018184039,-4.007211047691564,1.819244628779891,0.5984213758041967,0.0131629941707988,-4.330345858386431,0.5996262233835428,0.0050210448292012,93.2837285221304,4.535645693095487,0.6712917746666666,-0.398551400955241,0.4162081641258928,-0.8765697493430724,0.0025145382804161,-5.985666078600131,92.86752035800451,0.6687772363862504
cholesky_N128,cholesky,128,2.1072099696478683,699050.6666666666,5.844508654223943,262144.0,5.418539921951662,2.6666666666666665,0.3160130062203577,-1.1519719073170476,0.0018199413333333,-6.308951012845227,0.0222024035629705,-3.8075547273622505,0.0001494946851851,-8.808249716366808,0.29381060265738723,0.0016704466481482,86.84887179779179,4.464169502364303,0.6216170229999999,-0.4754310945250474,0.0446352267635203,-3.109231893966712,0.0002905750866054,-8.143648541386195,86.80423657102827,0.6213264479133945
cholesky_N1536,cholesky,1536,3.186391215695493,1207959552.0,9.082052392366817,37748736.0,7.576902414046911,32.0,5.057442227532706,1.6208608668670264,0.0363523556666666,-3.3144962719671134,3.5660887555037357,1.271469408504106,0.02517163805,-3.6820373924928145,1.4913534720289698,0.0111807176166666,94.48531323683436,4.548444406938225,0.6758591373333335,-0.3917706013784574,0.841194927438762,-0.1729318653206539,0.0050654480119474,-5.285312692686293,93.6441183093956,0.670793689321386
cholesky_N192,cholesky,192,2.2833012287035497,2359296.0,6.372782431390986,589824.0,5.770722440063024,4.0,0.2139630576525084,-1.5419519066541947,0.0020220403333333,-6.203648211335867,0.0423380403093967,-3.1620692989616828,0.0002829680849831,-8.1701764405918,0.1716250173431117,0.0017390722483502,81.9758837169433,4.406425102995183,0.576476727,-0.5508203095588378,0.0776119735663205,-2.5560335651607007,0.0005195819684817,-7.56248597646109,81.89827174337698,0.5759571450315183
cholesky_N2048,cholesky,2048,3.3113299523037933,2863311530.6666665,9.456868602191717,67108864.0,7.826779887263511,42.666666666666664,10.566473688657783,2.3576861291453075,0.0781676053333333,-2.5488999713072302,9.59241150488271,2.2609723176476493,0.0697688496515151,-2.66256764889065,0.9740621837750734,0.008398755681818207,88.61727271081487,4.484326790199776,0.6276074796666666,-0.4658403403060255,1.4203689706306557,0.3509166763332929,0.008458548574074,-4.772577683430907,87.19690374018421,0.6191489310925926
cholesky_N256,cholesky,256,2.4082399653118496,5592405.333333333,6.747598641215887,1048576.0,6.020599913279624,5.333333333333333,0.2317450220286252,-1.4621175546865017,0.002340609,-6.057344127063096,0.0788265453428782,-2.540505469012727,0.0005255744282051,-7.551018744555265,0.152918476685747,0.0018150345717949001,98.5507812628344,4.5905719611455345,0.7113827696666667,-0.34054464007784513,0.0940076670794897,-2.3643789353629283,0.0006135042914334,-7.396323298836306,98.45677359575491,0.7107692653752333
cholesky_N3072,cholesky,3072,3.4874212113594742,9663676416.0,9.985142379358761,150994944.0,8.178962405374874,64.0,25.26890016566772,3.2295743971315156,0.1799949883333333,-1.7148262710721316,23.398258577063924,3.152661599810773,0.167729688074074,-1.7854015949679318,1.870641588603796,0.012265300259259287,91.32651500417391,4.514441161694297,0.626361975,-0.46782684017109594,3.153013219417329,1.1483585732015589,0.0179614702991453,-4.0195263542503215,88.17350178475658,0.6084005047008547
cholesky_N384,cholesky,384,2.584331224367531,18874368.0,7.27587241838293,2359296.0,6.372782431390986,8.0,0.2807757186204775,-1.2701990827187095,0.0035739523333333,-5.63408319939783,0.1663631866218944,-1.7935820093143573,0.0011086770481622,-6.80458782297669,0.11441253199858312,0.0024652752851710997,95.08588771491893,4.55478056437495,0.658217976,-0.4182191319980653,0.1287987431980254,-2.049504223138797,0.0008435550552451,-7.077885388108126,94.9570889717209,0.6573744209447548
cholesky_N4096,cholesky,4096,3.612359947967774,22906492245.333332,10.35995858918366,268435456.0,8.428839878591473,85.33333333333333,47.84105144742104,3.867884087816846,0.3428680903333334,-1.0704094820722805,45.32526142780849,3.8138645244744405,0.3220160759333333,-1.1331538094251539,2.5157900196125453,0.020852014400000063,81.8105893614204,4.40440668952631,0.542206176,-0.6121089513516811,5.616986871564177,1.725795376279303,0.0310267074791666,-3.4729069138162925,76.19360248985622,0.5111794685208334
cholesky_N512,cholesky,512,2.709269960975831,44739242.666666664,7.6506886282078295,4194304.0,6.622659904607587,10.666666666666666,0.709085543465584,-0.3437791060389635,0.0057185579999999,-5.164038603274563,0.3167357812764417,-1.1496873502077332,0.0021593361123388,-6.137954459928118,0.39234976218914225,0.0035592218876610996,92.3319767446535,4.5253905251151245,0.6591214003333334,-0.4168475424271542,0.1695114059510625,-1.7748350626789386,0.0010965626252444,-6.815574877971278,92.16246533870245,0.6580248377080891
cholesky_N64,cholesky,64,1.806179973983887,87381.33333333333,4.941418667231999,65536.0,4.816479930623699,1.3333333333333333,0.1665194239977223,-1.7926433157189818,0.001604302,-6.435066507958392,0.0065298728918653,-5.031367801141242,4.432057693641618e-05,-10.024061498091557,0.159989551105857,0.0015599814230635837,93.94335040149008,4.5426919452970065,0.6774432309999999,-0.38942952162093586,0.0153463523642443,-4.176877464181506,0.0001026116261617,-9.184559316231132,93.92800404912583,0.6773406193738383
cholesky_N768,cholesky,768,2.885361220031512,150994944.0,8.178962405374874,9437184.0,6.9748424227189485,16.0,1.4370000693850875,0.36255765538156837,0.010685245,-4.538891461133703,0.7359139584553178,-0.3066420713597639,0.0051736590444444,-5.264175095255063,0.7010861109297697,0.005511585955555599,85.39052125708645,4.447235102328643,0.6006176676666667,-0.5097967071711529,0.2721053718264715,-1.301565891283908,0.0016934439853658,-6.380990962506329,85.11841588525998,0.5989242236813009
cholesky_N96,cholesky,96,1.9822712330395684,294912.0,5.469692444399043,147456.0,5.168662448735062,2.0,0.1684706074382223,-1.780993980973962,0.0017661843333333,-6.33893380323655,0.0126636296629289,-4.369021200124695,8.523644112406868e-05,-9.370081502848207,0.1558069777752934,0.0016809478922092313,91.21736883394613,4.513245326688054,0.6378177583333332,-0.4497026816872801,0.0422509724474844,-3.1641279089353236,0.0002793954465277,-8.182882408598124,91.17511786149863,0.6375383628868055
fft_N1024,fft,1024,3.010299956639812,104857600.0,8.020599913279623,33554432.0,7.52574989159953,3.125,4.206849388916922,1.4367140038527173,0.0334500879999999,-3.397700861619136,1.233010127823209,0.20945843811701217,0.0081104571177536,-4.814601047738733,2.9738392610937128,0.0253396308822463,85.24255344061821,4.445500762678254,0.6171663893333333,-0.48261661666205974,0.5959151599864908,-0.517656971065325,0.0036730155734265,-5.606742272179051,84.64663828063172,0.6134933737599069
fft_N128,fft,128,2.1072099696478683,1146880.0,6.059517979309994,524288.0,5.719569917615643,2.1875,2.901200080446353,1.0651244722357676,0.0211982886666666,-3.853834823832912,0.0072842750591362,-4.922037355729773,4.814503439093547e-05,-9.941292552952302,2.8939158053872167,0.021150143632275666,88.43909028720948,4.482314069722067,0.634244452,-0.4553208278803812,0.0282240166161745,-3.567582010432926,0.0001885866258413,-8.575953103103846,88.4108662705933,0.6340558653741587
fft_N1536,fft,1536,3.186391215695493,249730596.8810142,8.397471755176863,75497472.0,7.877932409710892,3.307800781475361,6.832471577143515,1.92168647886171,0.0508073293333333,-2.979714656589579,3.9800171472375143,1.3812861276381996,0.0271089167818181,-3.6078925726764037,2.852454429906001,0.023698412551515197,86.68518078006745,4.462282943918372,0.6067294873333333,-0.49967224239094327,1.374824343654706,0.3183259728884948,0.008203849025641,-4.803151841471682,85.31035643641275,0.5985256383076923
fft_N192,fft,192,2.2833012287035497,2796120.576265847,6.446555895427656,1179648.0,6.071752435727006,2.370300781475361,4.168608061592541,1.4275821819084504,0.0292485216666666,-3.5319262478920703,0.0521378444400376,-2.953864213102807,0.0003577071205501,-7.935796005411272,4.116470217152503,0.0288908145461165,85.99911844348661,4.454337045543837,0.6052825543333333,-0.5020598980208524,0.0465802931798177,-3.066577720432017,0.0003034603612723,-8.100259561357442,85.9525381503068,0.6049790939720611
fft_N2048,fft,2048,3.3113299523037933,461373440.0,8.664052589765811,134217728.0,8.127809882927492,3.4375,9.69737907995954,2.2718556510569807,0.0696293103333333,-2.6645696748112835,7.273328476450509,1.9842140239708508,0.0474250561979166,-3.0486045781766986,2.4240506035090306,0.022204254135416705,81.04018771401608,4.394945176250876,0.5503882836666666,-0.597131279532403,2.428810281918597,0.8874015415429688,0.0146522264923547,-4.223162976066378,78.61137743209748,0.5357360571743119
fft_N256,fft,256,2.4082399653118496,5242880.0,6.719569917615643,2097152.0,6.321629908943605,2.5,2.979073432297236,1.0916123234096273,0.0238009873333333,-3.738028214571334,0.0337299618084461,-3.3893687621817925,0.0002203947664186,-8.420090226799575,2.94534347048879,0.0235805925669147,94.65893452165128,4.55028026856911,0.6903937983333334,-0.37049312196859774,0.0765182531871754,-2.5702259628570685,0.000478228043187,-7.645422861441177,94.5824162684641,0.6899155702901464
fft_N3072,fft,3072,3.4874212113594742,1093294227.524057,9.038737055082644,301989888.0,8.479992401038855,3.6203007814753616,18.307869206765734,2.9073309787176864,0.1270240956666666,-2.0633784808611493,15.671856923257783,2.75186655115045,0.1030005419777777,-2.2730210288461734,2.6360122835079505,0.024023553688888893,93.39296075327847,4.5368159757273325,0.6545852573333333,-0.423753438810388,5.476004839781004,1.7003757912426498,0.0326103013120567,-3.423127049356786,87.91695591349747,0.6219749560212766
fft_N384,fft,384,2.584331224367531,12659042.305063387,7.102400851229615,4718592.0,6.673812427054967,2.682800781475361,3.5255991022053528,1.2600503798954354,0.0284388086666666,-3.5600005642821952,0.0696274149728105,-2.664596895909852,0.0004513613510297,-7.703242317473088,3.4559716872325423,0.0279874473156369,75.61907759691445,4.325708600516327,0.5385853216666666,-0.6188093517300554,0.1209564486152542,-2.1123247269748653,0.0007628937387536,-7.17839180406706,75.49812114829919,0.537822427927913
fft_N4096,fft,4096,3.612359947967774,2013265920.0,9.303901141983173,536870912.0,8.729869874255455,3.75,34.39750009792427,3.5379838901666774,0.226752093,-1.4838979595995023,31.52766285194449,3.450865346228081,0.2054411753749999,-1.5825955372400928,2.869837245979781,0.021310917625000092,99.20366668503772,4.597174976158512,0.6721913169999999,-0.39721228106108264,9.633132817485192,2.2652084914397213,0.0577026457820512,-2.852452252411011,89.57053386755253,0.6144886712179487
fft_N512,fft,512,2.709269960975831,23592960.0,7.372782431390986,8388608.0,6.923689900271567,2.8125,2.685921066621283,0.988023710707693,0.022184156,-3.8083769385981814,0.1934355916974655,-1.6428106813669245,0.0012515867825452,-6.683343106671778,2.492485474923818,0.0209325692174548,79.82941994813403,4.379892107542546,0.5419558329999999,-0.6125707697927835,0.181239769732515,-1.7079344296954004,0.0010991619062897,-6.813207292946699,79.64818017840152,0.5408566710937103
fft_N64,fft,64,1.806179973983887,245760.0,5.390511198351418,131072.0,5.11750992628768,1.875,2.641755466923701,0.971443645769511,0.0221468623333333,-3.81005944790505,0.002465305720875,-6.00543945448217,1.674379184157693e-05,-10.997483004719582,2.6392901612028257,0.022130118541491724,94.98337802916728,4.553701908177806,0.677375446,-0.38952958667201204,0.0198171919285554,-3.9212054387980206,0.0001305160066896,-8.944014682097947,94.96356083723873,0.6772449299933104
fft_N768,fft,768,2.885361220031512,56534409.22025355,7.752312858188766,18874368.0,7.27587241838293,2.995300781475361,3.5922675392370302,1.278783629636529,0.0284399803333333,-3.559959365561636,0.7295965478326948,-0.3152635718221694,0.0049055222458471,-5.317393719492485,2.8626709914043356,0.0235344580874862,87.56704958167488,4.472404780853658,0.619332248,-0.47911340069995756,0.3366051305647993,-1.0888447550219291,0.0020609919747899,-6.184567870924239,87.23044445111007,0.61727125602521
fft_N96,fft,96,1.9822712330395684,606870.1440664617,5.783095772214259,294912.0,5.469692444399043,2.057800781475361,4.054768237917829,1.399893531289802,0.0273057183333333,-3.6006591359660223,0.0041140316547408,-5.493351793386029,2.746530378810483e-05,-10.502587030313155,4.050654206263088,0.0272782530295452,91.82845914317704,4.519922262035423,0.659227345,-0.416686819147719,0.023881081112539,-3.7346687187631256,0.0001606863322646,-8.736056340084914,91.80457806206451,0.6590666586677354
gemm_N1024,gemm,1024,3.010299956639812,2147483648.0,9.331929865583417,25165824.0,7.40081115499123,85.33333333333333,0.9433243313678108,-0.05834511977813067,0.006929945,-4.971903402319756,0.9642565868975488,-0.03639785080741048,0.0050827888457207,-5.281895182651,-0.020932255529737986,0.0018471561542793002,95.14835420543211,4.555437296750024,0.6994448983333333,-0.357468260912399,0.5266966252065933,-0.6411305599433698,0.0030018306877897,-5.80853294716496,94.62165758022552,0.6964430676455436
gemm_N128,gemm,128,2.1072099696478683,4194304.0,6.622659904607587,393216.0,5.594631181007343,10.666666666666666,0.1308150225732222,-2.033970995076731,0.0014130616666666,-6.561996533863611,0.0057648055611538,-5.155983853296715,3.612514664467743e-05,-10.228521352171684,0.1250502170120684,0.0013769365200219225,95.58364287191291,4.560001705751955,0.6888614006666667,-0.3727151883393543,0.0173817993889038,-4.052331632346104,0.0001177006447638,-9.04736606568586,95.56626107252401,0.6887437000219029
gemm_N1536,gemm,1536,3.186391215695493,7247757312.0,9.860203642750461,56623104.0,7.752993673102592,128.0,2.994800681905766,1.0968776790709633,0.0171137536666666,-4.067872830763664,3.002619780160849,1.0994851676519979,0.0154468331598639,-4.170351270119908,-0.007819098255082757,0.0016669205068026993,81.48087988272442,4.4003683900573485,0.5358969536666667,-0.6238133870157453,1.1978052876630116,0.18049095531753584,0.0065642464698235,-5.026117557735356,80.28307459506141,0.5293327071968432
gemm_N192,gemm,192,2.2833012287035497,14155776.0,7.15093368177463,884736.0,5.946813699118705,16.0,0.1891072643738411,-1.6654408885408223,0.001710639,-6.370888294059598,0.0103431638652697,-4.571429473603618,6.078625985539564e-05,-9.708146783752031,0.1787641005085714,0.0016498527401446043,91.983575102541,4.5216100296162764,0.6468761193333333,-0.43560047215952985,0.0484370550499098,-3.027490157977142,0.0003124012383401,-8.071222176049814,91.93513804749108,0.6465637180949932
gemm_N2048,gemm,2048,3.3113299523037933,17179869184.0,10.23501985257536,100663296.0,8.002871146319192,170.66666666666666,7.299330209231911,1.9877825917848464,0.0388603176666666,-3.247781660422236,7.243449705788563,1.9800975716177727,0.0374422213333333,-3.2849562986483996,0.055880503443348495,0.001418096333333299,95.81358417859084,4.562404472195835,0.6885383806666666,-0.37318421702703,2.2358990446546643,0.8046434042980093,0.0117097450207253,-4.4473338760993055,93.57768513393619,0.6768286356459413
gemm_N256,gemm,256,2.4082399653118496,33554432.0,7.52574989159953,1572864.0,6.1966911723353055,21.333333333333332,0.2671730958670513,-1.319858531509453,0.0016492063333333,-6.407461116893147,0.0239293373307034,-3.7326500694342784,0.0001389985634506,-8.881046959774757,0.2432437585363479,0.0015102077698827,99.94192677093622,4.604589285007145,0.716717543,-0.3330734588156674,0.0762557281908671,-2.573662742501618,0.0004683063160978,-7.666387954575959,99.86567104274535,0.7162492366839022
gemm_N3072,gemm,3072,3.4874212113594742,57982058496.0,10.763293629742405,226492416.0,8.355053664430555,256.0,22.590650104199785,3.1175361084721867,0.1174530413333333,-2.14171667350551,22.70186014024757,3.122446865634388,0.1165679734615384,-2.1492807129356772,-0.11121003604778679,0.0008850678717949034,91.22316984506185,4.513308920132359,0.6259715083333334,-0.46845042276234033,5.530179286625238,1.710220235736594,0.0269110324141414,-3.6152189495336464,85.6929905584366,0.599060475919192
gemm_N384,gemm,384,2.584331224367531,113246208.0,8.054023668766574,3538944.0,6.548873690446667,32.0,0.3008318246198677,-1.2012038925697996,0.0020400786666666,-6.19476690977804,0.0543122818173446,-2.913004893136616,0.0002934035395242,-8.133961628510164,0.24651954280252308,0.0017466751271423997,99.9620671539418,4.60479078556427,0.7017795133333333,-0.3541360078616513,0.1143133738737787,-2.168811708256413,0.0007142363347368,-7.244296649361513,99.84775378006802,0.7010652769985966
gemm_N4096,gemm,4096,3.612359947967774,137438953472.0,11.138109839567305,402653184.0,8.604931137647155,341.3333333333333,53.71958960295775,3.9837777320681065,0.2755312286666667,-1.2890543041210238,53.21652191911159,3.9743689105223976,0.2746580655,-1.292228353158282,0.5030676838461545,0.0008731631666666906,93.90736889851836,4.542308859157695,0.622168204,-0.4745447983637561,10.64423950878482,2.3650188546271087,0.0490463366436781,-3.0149897819234606,83.26312938973354,0.5731218673563219
gemm_N512,gemm,512,2.709269960975831,268435456.0,8.428839878591473,6291456.0,6.798751163663267,42.666666666666664,0.3286854069105543,-1.1126541956755027,0.0025043163333333,-5.989739502520004,0.138682832412876,-1.975565734283344,0.0007566624517809,-7.1865933065060625,0.19000257449767832,0.0017476538815524001,98.58752809548712,4.590944763704285,0.71460188,-0.33602970255385894,0.163646205322192,-1.8100484660691896,0.0010044072115594,-6.903357750739077,98.42388189016492,0.7135974727884407
gemm_N64,gemm,64,1.806179973983887,524288.0,5.719569917615643,98304.0,4.9925711896793805,5.333333333333333,0.0021577289795196,-6.13869900876361,3.2103333333333335e-05,-10.34655069105961,0.0010153169580512,-6.892554441293677,7.973333943782091e-06,-11.739407840988656,0.0011424120214683997,2.4129999389551244e-05,99.44458537884933,4.599600558155111,0.7133521979999999,-0.337780014189641,0.015346762452371,-4.176850742349644,9.938836444444444e-05,-9.216475509056531,99.42923861639696,0.7132528096355555
gemm_N768,gemm,768,2.885361220031512,905969664.0,8.957113655758517,14155776.0,7.15093368177463,64.0,0.5137241927765935,-0.6660687474716748,0.0036720096666666,-5.607016173692881,0.409706008323492,-0.8923154293586847,0.0021753044307766,-6.130586656062971,0.10401818445310151,0.00149670523589,84.7780740331413,4.44003694843528,0.5933037886666667,-0.5220487199859197,0.3065141989009258,-1.182491198737854,0.0017654520689082,-6.339348491699456,84.47155983424037,0.5915383365977585
gemm_N96,gemm,96,1.9822712330395684,1769472.0,6.247843694782686,221184.0,5.344753707790743,8.0,0.0040476118955637,-5.509628227195185,5.645633333333333e-05,-9.78204307998012,0.0038950383937211,-5.548051742526724,3.0744744821634066e-05,-10.389791478426297,0.00015257350184260006,2.5711588511699265e-05,100.91768319453446,4.614305166657724,0.7362783976666666,-0.306146974075394,0.0157195798085935,-4.15284822207156,0.0001023026967521,-9.187574524141045,100.90196361472587,0.7361760949699144
spmv_N10000,spmv,10000,4.0,140000.0,5.146128035678238,1040004.0,6.01703500965896,0.13461486686589666,2.875000805550593,1.056052954440785,0.021788998,-3.8263501154794355,0.0013556584662123,-6.60346798976315,8.804402496124774e-06,-11.640258677929715,2.8736451470843805,0.021780193597503876,94.43599356616518,4.547922288256916,0.6750568663333333,-0.3929583452383845,0.0687828097798317,-2.6768014231137958,0.0004449104483665,-7.717637535675287,94.36721075638535,0.6746119558849668
spmv_N100000,spmv,100000,5.0,1400000.0,6.146128035678238,10400004.0,7.017033506335087,0.1346153328402566,2.6880484365510955,0.9888154420488117,0.0230915133333333,-3.7682901171253453,0.0146500062097131,-4.223314519647949,8.760491527101096e-05,-9.34267345119639,2.6733984303413822,0.02300390841806229,89.42821058013728,4.493436186990256,0.6013842473333333,-0.5085212020974418,0.2147303349631216,-1.5383722940773275,0.0013578260748955,-6.601870332498897,89.21348024517415,0.6000264212584377
spmv_N1000000,spmv,1000000,6.0,14000000.0,7.146128035678238,104000004.0,8.017033356002415,0.13461537943787003,3.102817524282841,1.132310577511772,0.0252702543333333,-3.678127292997411,0.2839143752755345,-1.2590825817885207,0.001672360009337,-6.393519470907802,2.8189031490073067,0.0235978943239963,91.06780808490794,4.511604372825247,0.6417673166666668,-0.4435294760863002,1.8072992190074613,0.5918335867271549,0.0109025479218683,-4.518758762763475,89.26050886590048,0.6308647687447985
spmv_N10000000,spmv,10000000,7.0,140000000.0,8.146128035678238,1040000004.0,9.017033340969144,0.13461538409763313,5.795800017196249,1.7571335202738443,0.0425767223333333,-3.156447599151024,2.9504901811029423,1.0819713196339151,0.0174711242095238,-4.047205806046622,2.8453098360933065,0.025105598123809504,85.73378294219815,4.451246947952966,0.58692398,-0.5328599735031831,17.219973533632594,2.84606996204327,0.1040220183888889,-2.263152686971503,68.51380940856555,0.4829019616111111
spmv_N31622777,spmv,31622777,7.500000005470314,442718878.0,8.646128041148552,3288768812.0,9.51703334529731,0.13461538445165722,13.485561796196912,2.601619616546813,0.0860733816666666,-2.4525550713671587,9.3394653901733,2.234249011863077,0.0552798967272727,-2.895345967699708,4.146096406023611,0.0307934849393939,130.29223248001497,4.869779869767674,0.82501879,-0.19234911714924394,53.71105813517557,3.9836189046202652,0.3261540114814814,-1.1203855813170305,76.58117434483941,0.4988647785185186
spmv_N3162278,spmv,3162278,6.500000046671104,44271892.0,7.6461280823493425,328876916.0,8.517033391252037,0.13461538297811088,3.271387225354065,1.1852141228869548,0.0266693406666666,-3.6242406630035693,0.9261674094488562,-0.0767002729343467,0.0054865587333333,-5.20545404452678,2.345219815905209,0.0211827819333333,87.12746918070188,4.467372209347126,0.602222109,-0.5071289498920624,5.466157280408871,1.6985758614074673,0.0332734713730769,-3.402994854957494,81.66131190029301,0.568948637626923
spmv_N316228,spmv,316228,5.500000321342935,4427192.0,6.6461283570211735,32887716.0,7.517033713463202,0.13461536824265935,2.672789249815074,0.9831225899837316,0.0227527323333333,-3.783070038232812,0.0782471649230998,-2.5478826812329327,0.0004581509010888,-7.688311949756339,2.594542084891974,0.022294581432244498,90.2152174698967,4.50219812093095,0.6417384793333333,-0.44357441134631725,0.5942969300510387,-0.520376202278192,0.0036234734235565,-5.620322203909477,89.62092053984566,0.6381150059097768
spmv_N31623,spmv,31623,4.500003068051694,442722.0,5.646131103729931,3288796.0,6.517036935561705,0.13461522088934674,1.6408367634502368,0.4952063333333141,0.0135391953333333,-4.302166442116756,0.0039966545305784,-5.522297635167961,2.577003532866532e-05,-10.56629816237873,1.6368401089196585,0.013513425298004636,76.35817303731254,4.335435072920624,0.5153531193333333,-0.6629029446733086,0.1169918105459564,-2.1456513419678744,0.0007556058446404,-7.18799068726837,76.24118122676659,0.5145975134886929
stencil_N1024,stencil,1024,3.010299956639812,5222420.0,6.717871795933407,16777216.0,7.224719895935548,0.3112804889678955,2.6451515086287856,0.972728344814859,0.0219516433333333,-3.8189132751411137,0.1540143735594975,-1.8707093461219977,0.0009795373471867,-6.9284301924788965,2.491137135069288,0.0209721059861466,94.8244206661424,4.552026978050815,0.6771838816666667,-0.38981243044370634,0.298306338172849,-1.209634340041004,0.0018125326602728,-6.313030151936938,94.52611432796955,0.6753713490063938
stencil_N128,stencil,128,2.1072099696478683,79380.0,4.899711094571145,262144.0,5.418539921951662,0.3028106689453125,2.885717572906094,1.0597735944770712,0.0226441573333333,-3.7878534147072678,0.0015737035798644,-6.454323469552646,1.0499473812933736e-05,-11.464185415110427,2.88414386932623,0.022633657859520366,87.78979028153502,4.474945210070189,0.6235941803333334,-0.4722554742132405,0.021026964282169,-3.8619496514623797,0.0001329154015135,-8.92579771097236,87.76876331725285,0.6234612649318199
stencil_N1536,stencil,1536,3.186391215695493,11765780.0,7.070620723561943,37748736.0,7.576902414046911,0.31168672773573136,1.829879964192208,0.6042503713644013,0.0149037009999999,-4.206145707612491,0.3507210781359346,-1.0477640206026713,0.0023125105863095,-6.069421510724605,1.4791588860562734,0.0125911904136904,93.87136196562837,4.541925355305415,0.6782778006666667,-0.3881983394638494,0.6705072530280893,-0.3997207589764957,0.004085080970534,-5.500413729438461,93.20085471260028,0.6741927196961327
stencil_N192,stencil,192,2.2833012287035497,180500.0,5.2564772062416765,589824.0,5.770722440063024,0.3060234917534722,3.339920615994219,1.205947039039752,0.0230656233333333,-3.7694119372634596,0.003278200163356,-5.720460737878011,2.182937942445624e-05,-10.73225381545394,3.336642415830863,0.023043793953908844,96.35201666273302,4.568008325235345,0.697421629,-0.36036513145608867,0.0297629126657934,-3.514492201971926,0.000192124660056,-8.5573661254968,96.32225375006723,0.697229504339944
stencil_N2048,stencil,2048,3.3113299523037933,20930580.0,7.320781263088302,67108864.0,7.826779887263511,0.3118899464607239,3.13293933331647,1.1419716480150897,0.0247262443333333,-3.6998900758101616,0.624184724772484,-0.47130892113268064,0.0041860142639269,-5.4760062474326245,2.508754608543986,0.0205402300694064,85.47264905091397,4.4481964306243125,0.6089744440000001,-0.49597897602795316,1.21704446286935,0.19642534815259508,0.0072947266537216,-4.920603568069721,84.25560458804462,0.6016797173462786
stencil_N256,stencil,256,2.4082399653118496,322580.0,5.508637437575895,1048576.0,6.020599913279624,0.3076362609863281,2.8712566448675525,1.054749789295394,0.0215159756666666,-3.8389595655130986,0.0056553002236279,-5.1751620808802326,3.7457037582830576e-05,-10.192315946220962,2.865601344643925,0.02147851862908377,86.51489384511792,4.460316582296565,0.6016086693333335,-0.5081480959893435,0.0424694311685346,-3.1589707284708215,0.0002689474350865,-8.220994606057555,86.47242441394938,0.6013397218982469
stencil_N3072,stencil,3072,3.4874212113594742,47124500.0,7.673246755290392,150994944.0,8.178962405374874,0.3120932314130995,2.610129469392513,0.9593998252355392,0.021679992,-3.8313654714144496,1.3986469993692456,0.3355053403056233,0.0094743957721518,-4.659162300796238,1.2114824700232674,0.0122055962278482,86.23833555608553,4.457114806836282,0.5957793613333333,-0.5178848795625378,2.6724380097058167,0.9829911680281405,0.0163604354731182,-4.112889330000534,83.56589754637972,0.5794189258602152
stencil_N384,stencil,384,2.584331224367531,729620.0,5.8630967301594366,2359296.0,6.372782431390986,0.3092532687717014,2.6100819534737867,0.9593816206400244,0.0189979636666666,-3.9634234809979945,0.0157887953993594,-4.14845474245567,0.0001029290064896,-9.181471064764239,2.5942931580744273,0.018895034660177,86.90828452819396,4.464853361768703,0.6019251166666667,-0.5076222323296663,0.0769264526156146,-2.5649054744214217,0.0005045059770646,-7.591930870739106,86.83135807557835,0.6014206106896021
stencil_N4096,stencil,4096,3.612359947967774,83804180.0,7.923265680988992,268435456.0,8.428839878591473,0.31219489872455597,3.4775101961850954,1.2463165768557622,0.027455306,-3.595195832802576,2.4696156650615277,0.9040625373430999,0.0167656845917603,-4.0884210653160675,1.0078945311235676,0.010689621408239699,86.30472964533953,4.457884401284526,0.597091661,-0.515684641361582,4.848797971895393,1.578730833385463,0.0286827924807692,-3.551457901157603,81.45593167344414,0.5684088685192308
stencil_N512,stencil,512,2.709269960975831,1300500.0,6.114110356531891,4194304.0,6.622659904607587,0.31006336212158203,1.933715057557144,0.6594430529588888,0.0168854626666666,-4.081302224473718,0.0286406061472288,-3.5529297727551064,0.0001872185301229,-8.583234013120292,1.9050744514099152,0.0166982441365437,83.9977778337692,4.4307903441335,0.5972438226666666,-0.5154298357904995,0.1114877485450244,-2.193840572639011,0.0007062984901353,-7.255472619261862,83.88629008522418,0.5965375241765314
stencil_N64,stencil,64,1.806179973983887,19220.0,4.2837533833325265,65536.0,4.816479930623699,0.29327392578125,2.4861124016957667,0.9107202059424152,0.0199398183333333,-3.915036625155278,0.0007031096235641,-7.259997741519449,4.860879629445472e-06,-12.234291142716197,2.4854092920722026,0.019934957453703855,90.55585276307444,4.505966817945478,0.6250796536666666,-0.46987619149960347,0.0106524244282918,-4.541967766885092,7.19298305079425e-05,-9.539819490435033,90.54520033864615,0.6250077238361587
stencil_N768,stencil,768,2.885361220031512,2933780.0,6.467427543601227,9437184.0,6.9748424227189485,0.310874515109592,2.911311212124281,1.0686035680578099,0.0230677433333333,-3.769320029815351,0.0745448556850067,-2.59635424504829,0.0004736694438525,-7.6550008553874465,2.836766356439274,0.0225940738894808,93.70858862243249,4.540189845902181,0.6666908896666666,-0.4054287742682465,0.1888760474231657,-1.6666643128153809,0.0011624276034874,-6.757244699012007,93.51971257500932,0.6655284620631792
stencil_N96,stencil,96,1.9822712330395684,44180.0,4.645225711535416,147456.0,5.168662448735062,0.2996148003472222,3.2105196933573947,1.1664328222799976,0.022542806,-3.7923392883228,0.001039502412356,-6.8690131299801065,6.941424127286434e-06,-11.878003598836493,3.2094801909450386,0.022535864575872713,83.14464435901566,4.4205817941720875,0.5955998806666667,-0.5181861785304854,0.0164666820414237,-4.106416209767107,0.0001078760620542,-9.134527563379018,83.12817767697423,0.5954920046046125
