fold,regime,resource_state,k,selected_baseline,selected_baseline_edp_sum_ratio_vs_oracle,selected_direct_name,selected_direct_edp_sum_ratio_vs_oracle,selected_structured_name,selected_structured_edp_sum_ratio_vs_oracle,winner_formulation,winner_edp_sum_ratio_vs_oracle,n,oracle_edp_sum_js,selected_baseline_edp_sum_js,selected_direct_edp_sum_js,selected_structured_edp_sum_js,winner_edp_sum_js,improvement_pct_over_best_baseline,beats_baseline_above_noise_floor
extrapolation_top1,extrapolation,cpu_ready,1,always_cpu_ref,1.0,random_forest+probe,1.0,elasticnet,1.0,direct,1.0,6,36.38795149086501,36.38795149086501,36.38795149086501,36.38795149086501,36.38795149086501,0.0,False
extrapolation_top1,extrapolation,cpu_ready,2,always_cpu_ref,1.0602062165177653,random_forest+probe,1.0602062165177653,elasticnet,1.0602062165177653,direct,1.0602062165177653,6,137.286316280547,145.55180596346003,145.55180596346003,145.55180596346003,145.55180596346003,0.0,False
extrapolation_top1,extrapolation,cpu_ready,3,intensity_threshold_train,1.171817144495761,random_forest+probe,1.607088603933028,elasticnet,1.607088603933028,direct,1.607088603933028,6,203.77940744294685,238.7922033368322,327.4915634177852,327.4915634177852,327.4915634177852,-37.14499838834211,False
extrapolation_top1,extrapolation,cpu_ready,5,intensity_threshold_train,1.0,random_forest+probe,2.816168050162741,elasticnet,1.1162470472612385,structured,1.1162470472612385,6,323.0271670822541,323.0271670822541,909.6987872716254,360.57812144072886,360.57812144072886,-11.624704726123847,False
extrapolation_top1,extrapolation,cpu_ready,10,intensity_threshold_train,1.0,random_forest+probe,6.04542857185179,elasticnet,1.7080861864971448,structured,1.7080861864971448,6,601.9085505416688,601.9085505416688,3638.7951490865016,1028.111680714743,1028.111680714743,-70.80861864971449,False
extrapolation_top1,extrapolation,cpu_ready,30,intensity_threshold_train,1.0,random_forest+probe,1.0,elasticnet,1.0,direct,1.0,6,2693.062285748755,2693.062285748755,2693.062285748755,2693.062285748755,2693.062285748755,0.0,False
extrapolation_top1,extrapolation,cpu_ready,100,intensity_threshold_train,1.0,random_forest+probe,1.0,elasticnet,1.0,direct,1.0,6,22305.01569622834,22305.01569622834,22305.01569622834,22305.01569622834,22305.01569622834,0.0,False
extrapolation_top1,extrapolation,cpu_ready,1000,intensity_threshold_train,1.0,random_forest+probe,1.0,elasticnet,1.0,direct,1.0,6,1977905.541993414,1977905.541993414,1977905.541993414,1977905.541993414,1977905.541993414,0.0,False
extrapolation_top1,extrapolation,gpu_ready,1,intensity_threshold_train,1.0,random_forest+probe,1.017266755700173,elasticnet,1.017266755700173,direct,1.017266755700173,6,2.525139071390845,2.5251390713908446,2.568740030845513,2.568740030845513,2.568740030845513,-1.7266755700173109,False
extrapolation_top1,extrapolation,gpu_ready,2,intensity_threshold_train,1.0,random_forest+probe,1.033508804607208,elasticnet,1.033508804607208,direct,1.033508804607208,6,8.753534204407382,8.753534204407382,9.04685467168538,9.04685467168538,9.04685467168538,-3.3508804607208065,False
extrapolation_top1,extrapolation,gpu_ready,3,intensity_threshold_train,1.0,random_forest+probe,1.039100149579499,elasticnet,1.039100149579499,direct,1.039100149579499,6,18.884442142901623,18.884442142901623,19.62282665541447,19.62282665541447,19.62282665541447,-3.910014957949892,False
extrapolation_top1,extrapolation,gpu_ready,5,intensity_threshold_train,1.0,random_forest+probe,1.0435473134830755,elasticnet,1.0435473134830755,direct,1.0435473134830755,6,50.85379643632325,50.85379643632324,53.06834265154033,53.06834265154033,53.06834265154033,-4.35473134830755,False
extrapolation_top1,extrapolation,gpu_ready,10,intensity_threshold_train,1.0,random_forest+probe,1.0468349109513055,elasticnet,1.0,structured,1.0,6,199.0711562657372,199.0711562657372,208.3946361424164,199.0711562657372,199.0711562657372,0.0,False
extrapolation_top1,extrapolation,gpu_ready,30,intensity_threshold_train,1.0,random_forest+probe,1.0489912183473096,elasticnet,1.0,structured,1.0,6,1767.56879695282,1767.56879695282,1854.1641458282268,1767.56879695282,1767.56879695282,0.0,False
extrapolation_top1,extrapolation,gpu_ready,100,intensity_threshold_train,1.0,random_forest+probe,1.049737644432051,elasticnet,1.0,structured,1.0,6,19550.22587661239,19550.22587661239,20522.608059829618,19550.22587661239,19550.22587661239,0.0,False
extrapolation_top1,extrapolation,gpu_ready,1000,intensity_threshold_train,1.0,random_forest+probe,1.0500242869845262,elasticnet,1.0,structured,1.0,6,1951631.2279203977,1951631.2279203977,2049260.188553851,1951631.2279203977,1951631.2279203977,0.0,False
extrapolation_top1,extrapolation,none_ready,1,always_cpu_ref,1.0,random_forest+probe,1.0,elasticnet,1.0,direct,1.0,6,40.27724387506998,40.27724387506998,40.27724387506998,40.27724387506998,40.27724387506998,0.0,False
extrapolation_top1,extrapolation,none_ready,2,always_cpu_ref,1.083777599362385,random_forest+probe,1.083777599362385,elasticnet,1.083777599362385,direct,1.083777599362385,6,141.18863193242552,153.0170765729835,153.0170765729835,153.0170765729835,153.0170765729835,0.0,False
extrapolation_top1,extrapolation,none_ready,3,intensity_threshold_train,1.149162584595045,random_forest+probe,1.6201765575393914,elasticnet,1.6201765575393914,direct,1.6201765575393914,6,208.9480993150318,240.1153378550841,338.5328122526271,338.5328122526271,338.5328122526271,-40.987583415825156,False
extrapolation_top1,extrapolation,none_ready,5,intensity_threshold_train,1.0,random_forest+probe,2.854177997816016,elasticnet,1.135095368701697,structured,1.135095368701697,6,325.09955345010604,325.09955345010604,927.8919925571043,369.0189974882051,369.0189974882051,-13.509536870169692,False
extrapolation_top1,extrapolation,none_ready,10,intensity_threshold_train,1.0,random_forest+probe,6.065599702127692,elasticnet,1.724397136059983,structured,1.724397136059983,6,605.8540665335205,605.8540665335205,3674.868245498573,1044.733017200697,1044.733017200697,-72.4397136059983,False
extrapolation_top1,extrapolation,none_ready,30,intensity_threshold_train,1.0,random_forest+probe,1.0,elasticnet,1.0,direct,1.0,6,2704.5003202366056,2704.5003202366056,2704.5003202366056,2704.5003202366056,2704.5003202366056,0.0,False
extrapolation_top1,extrapolation,none_ready,100,intensity_threshold_train,1.0,random_forest+probe,1.0,elasticnet,1.0,direct,1.0,6,22342.677545452185,22342.677545452185,22342.677545452185,22342.677545452185,22342.677545452185,0.0,False
extrapolation_top1,extrapolation,none_ready,1000,intensity_threshold_train,1.0,random_forest+probe,1.0,elasticnet,1.0,direct,1.0,6,1978280.3671749576,1978280.3671749576,1978280.3671749576,1978280.3671749576,1978280.3671749576,0.0,False
extrapolation_top2,extrapolation,cpu_ready,1,always_cpu_ref,1.0,random_forest+probe,1.0,elasticnet,1.0,direct,1.0,12,44.65234384429675,44.65234384429675,44.65234384429675,44.65234384429675,44.65234384429675,0.0,False
extrapolation_top2,extrapolation,cpu_ready,2,always_cpu_ref,1.0485223737219873,random_forest+probe,1.0485223737219873,elasticnet,1.0485223737219873,direct,1.0485223737219873,12,170.34388569427395,178.609375377187,178.609375377187,178.609375377187,178.609375377187,0.0,False
extrapolation_top2,extrapolation,cpu_ready,3,intensity_threshold_train,1.6134882554641985,random_forest+probe,1.4447534801034745,elasticnet,1.0,structured,1.0,12,278.15893862383257,448.8061806219406,401.8710945986708,278.15893862383257,278.15893862383257,38.02248038599443,True
extrapolation_top2,extrapolation,cpu_ready,5,intensity_threshold_train,1.133207603979171,random_forest+probe,2.21448878793425,elasticnet,1.1251649558453531,structured,1.1251649558453531,12,504.09313525978575,571.24217399009,1116.308596107419,567.1879302765225,567.1879302765225,0.7097241587134318,False
extrapolation_top2,extrapolation,cpu_ready,10,intensity_threshold_train,1.0,random_forest+probe,4.642376669228685,elasticnet,1.4703007635002583,structured,1.4703007635002583,12,961.8423283114507,961.8423283114504,4465.234384429676,1414.197509683192,1414.197509683192,-47.03007635002583,False
extrapolation_top2,extrapolation,cpu_ready,30,intensity_threshold_train,1.0,random_forest+probe,1.0,elasticnet,2.6054067080187364,direct,1.0,12,3731.531101325273,3731.531101325273,3731.531101325273,9722.15616257341,3731.531101325273,0.0,False
extrapolation_top2,extrapolation,cpu_ready,100,intensity_threshold_train,1.0,random_forest+probe,1.0,elasticnet,1.0,direct,1.0,12,28637.27256905126,28637.27256905126,28637.27256905126,28637.27256905126,28637.27256905126,0.0,False
extrapolation_top2,extrapolation,cpu_ready,1000,intensity_threshold_train,1.0,random_forest+probe,1.0,elasticnet,1.0,direct,1.0,12,2456779.0684844246,2456779.0684844246,2456779.0684844246,2456779.0684844246,2456779.0684844246,0.0,False
extrapolation_top2,extrapolation,gpu_ready,1,intensity_threshold_train,1.0040179584807802,random_forest+probe,6.604513684851582,elasticnet,1.0136169657241128,structured,1.0136169657241128,12,3.2019585227757386,3.2148238591774314,21.14737888199952,3.2455594822304064,3.2455594822304064,-0.956059317689606,False
extrapolation_top2,extrapolation,gpu_ready,2,intensity_threshold_train,1.0,random_forest+probe,7.731239623641513,elasticnet,1.031301480609201,structured,1.031301480609201,12,10.968122991351583,10.968122991351583,84.79718706771084,11.311441480484705,11.311441480484705,-3.1301480609200905,False
extrapolation_top2,extrapolation,gpu_ready,3,intensity_threshold_train,1.0,random_forest+probe,8.11086086536335,elasticnet,1.0073799986104586,structured,1.0073799986104586,12,23.550574746439256,23.550574746439253,191.01543506770847,23.724377955343478,23.724377955343478,-0.7379998610458571,False
extrapolation_top2,extrapolation,gpu_ready,5,intensity_threshold_train,1.0,random_forest+probe,8.403996444992345,elasticnet,1.009560300619276,structured,1.009560300619276,12,63.20293612535518,63.20293612535518,531.1572505105631,63.80717519473447,63.80717519473447,-0.956030061927593,False
extrapolation_top2,extrapolation,gpu_ready,10,intensity_threshold_train,1.0,random_forest+probe,1.048898454444778,elasticnet,1.0,structured,1.0,12,246.8440104736317,246.8440104736317,258.9143010747429,246.8440104736317,246.8440104736317,0.0,False
extrapolation_top2,extrapolation,gpu_ready,30,intensity_threshold_train,1.0,random_forest+probe,1.0516964802109958,elasticnet,1.0,structured,1.0,12,2188.696463595119,2188.696463595119,2301.844367013241,2188.696463595119,2188.696463595119,0.0,False
extrapolation_top2,extrapolation,gpu_ready,100,intensity_threshold_train,1.0,random_forest+probe,1.052660289807517,elasticnet,1.0,structured,1.0,12,24197.010811697925,24197.010811697925,25471.23241351756,24197.010811697925,24197.010811697925,0.0,False
extrapolation_top2,extrapolation,gpu_ready,1000,intensity_threshold_train,1.0,random_forest+probe,1.0530297064862657,elasticnet,1.0,structured,1.0,12,2415086.172331916,2415086.172331916,2543157.4831897155,2415086.172331916,2415086.172331916,0.0,False
extrapolation_top2,extrapolation,none_ready,1,always_cpu_ref,1.0,random_forest+probe,1.0,elasticnet,1.0,direct,1.0,12,50.110055388237264,50.110055388237264,50.110055388237264,50.110055388237264,50.110055388237264,0.0,False
extrapolation_top2,extrapolation,none_ready,2,always_cpu_ref,1.0667498930337074,random_forest+probe,1.0667498930337074,elasticnet,1.0667498930337074,direct,1.0667498930337074,12,177.2054471246096,189.0338917651676,189.0338917651676,189.0338917651676,189.0338917651676,0.0,False
extrapolation_top2,extrapolation,none_ready,3,intensity_threshold_train,1.5664250792934262,random_forest+probe,1.4504510138755875,elasticnet,1.0,structured,1.0,12,287.67770289309624,450.62556856526896,417.26241583069145,287.67770289309624,287.67770289309624,36.16036839431388,True
extrapolation_top2,extrapolation,none_ready,5,intensity_threshold_train,1.125051586596189,random_forest+probe,2.237310199912592,elasticnet,1.1420618362989614,structured,1.1420618362989614,12,510.27055929576585,574.080702329026,1141.63352702752,582.7605319586204,582.7605319586204,-1.511952865578059,False
extrapolation_top2,extrapolation,none_ready,10,intensity_threshold_train,1.0,random_forest+probe,4.668382259445269,elasticnet,1.487552084036042,structured,1.487552084036042,12,967.2287076394057,967.2287076394058,4515.393339569977,1438.8030797884855,1438.8030797884855,-48.755208403604215,False
extrapolation_top2,extrapolation,none_ready,30,intensity_threshold_train,1.0,random_forest+probe,1.0,elasticnet,2.614053354020756,direct,1.0,12,3747.1088846093057,3747.1088846093057,3747.1088846093057,9795.14254769393,3747.1088846093057,0.0,False
extrapolation_top2,extrapolation,none_ready,100,intensity_threshold_train,1.0,random_forest+probe,1.0,elasticnet,1.0,direct,1.0,12,28688.52026618156,28688.52026618156,28688.52026618156,28688.52026618156,28688.52026618156,0.0,False
extrapolation_top2,extrapolation,none_ready,1000,intensity_threshold_train,1.0,random_forest+probe,1.0,elasticnet,1.0,direct,1.0,12,2457288.9293595776,2457288.9293595776,2457288.9293595776,2457288.9293595776,2457288.9293595776,0.0,False
interpolation_fold0,interpolation,cpu_ready,1,always_cpu_ref,1.0,random_forest+probe,1.0,elasticnet,1.0,direct,1.0,20,1.2970269240761343,1.2970269240761343,1.2970269240761343,1.2970269240761343,1.2970269240761343,0.0,False
interpolation_fold0,interpolation,cpu_ready,2,always_cpu_ref,1.0,random_forest+probe,1.0,elasticnet,1.0,direct,1.0,20,5.188107696304537,5.188107696304537,5.188107696304537,5.188107696304537,5.188107696304537,0.0,False
interpolation_fold0,interpolation,cpu_ready,3,always_cpu_ref,1.0,random_forest+probe,1.0,elasticnet,1.0,direct,1.0,20,11.673242316685208,11.673242316685208,11.673242316685208,11.673242316685208,11.673242316685208,0.0,False
interpolation_fold0,interpolation,cpu_ready,5,k_break_even_table_train,1.0,random_forest+probe,1.0,elasticnet,1.0,direct,1.0,20,32.42567310190335,32.42567310190335,32.42567310190335,32.42567310190335,32.42567310190335,0.0,False
interpolation_fold0,interpolation,cpu_ready,10,k_break_even_table_train,1.0,random_forest+probe,1.0,elasticnet,1.0,direct,1.0,20,129.7026924076134,129.7026924076134,129.7026924076134,129.7026924076134,129.7026924076134,0.0,False
interpolation_fold0,interpolation,cpu_ready,30,k_break_even_table_train,1.0,random_forest+probe,1.0,elasticnet,1.3726049855884916,direct,1.0,20,436.6810655040845,436.6810655040845,436.6810655040845,599.3906076230011,436.6810655040845,0.0,False
interpolation_fold0,interpolation,cpu_ready,100,k_break_even_table_train,1.0,random_forest+probe,1.0,elasticnet,1.0,direct,1.0,20,1681.4501734906037,1681.4501734906037,1681.4501734906037,1681.4501734906037,1681.4501734906037,0.0,False
interpolation_fold0,interpolation,cpu_ready,1000,k_break_even_table_train,1.0038388984407685,random_forest+probe,1.0625734049088138,elasticnet,1.0284995409251545,structured,1.0284995409251545,20,86816.2491709692,87149.52793454503,92248.63748300874,89290.47241718565,89290.47241718565,-2.4566334819950297,False
interpolation_fold0,interpolation,gpu_ready,1,size_threshold_train,1.7726177739891564,random_forest+probe,1.7808811353098433,elasticnet,1.000770224204777,structured,1.000770224204777,20,0.10472538446405823,0.1856380778888375,0.1865034615801119,0.104806046490027,0.104806046490027,43.54280776771119,True
interpolation_fold0,interpolation,gpu_ready,2,size_threshold_train,1.0822269539984075,random_forest+probe,1.0905416296686297,elasticnet,1.0001288455738424,structured,1.0001288455738424,20,0.41887999983234514,0.4533232263094124,0.456806077652761,0.4189339706662946,0.4189339706662946,7.5860343453140295,True
interpolation_fold0,interpolation,gpu_ready,3,size_threshold_train,1.0248535080395091,random_forest+probe,1.033881559538512,elasticnet,1.000015028655714,structured,1.000015028655714,20,0.8701505291557194,0.8917768223276741,0.8996325861167764,0.8701636063484414,0.8701636063484414,2.4236126616095532,False
interpolation_fold0,interpolation,gpu_ready,5,size_threshold_train,1.0090786804764742,random_forest+probe,1.0187527523341835,elasticnet,1.0000162276052271,structured,1.0000162276052271,20,2.260467296841714,2.2809893571572584,2.302857280218907,2.260503978812636,2.260503978812636,0.8980917986462611,False
interpolation_fold0,interpolation,gpu_ready,10,operation_crossover_table_train,1.0500677828178369,random_forest+probe,1.0532480707029248,elasticnet,1.0000554596921905,structured,1.0000554596921905,20,8.383672733841378,8.803424639495168,8.830087132323147,8.384137689750622,8.384137689750622,4.762770931933491,True
interpolation_fold0,interpolation,gpu_ready,30,operation_crossover_table_train,1.004573286907109,random_forest+probe,1.112811744221842,elasticnet,1.0001154835875,structured,1.0001154835875,20,72.33816236343972,72.66898553426073,80.49875663346215,72.34651623394261,72.34651623394261,0.44375093163523394,False
interpolation_fold0,interpolation,gpu_ready,100,operation_crossover_table_train,1.0001952992847631,random_forest+probe,1.1215274198147531,elasticnet,1.0,structured,1.0,20,792.6607460106972,792.8155520874528,888.9907612618147,792.6607460106972,792.6607460106972,0.01952611504001389,False
interpolation_fold0,interpolation,gpu_ready,1000,operation_crossover_table_train,1.0,random_forest+probe,1.042923135333308,elasticnet,1.0,structured,1.0,20,78868.78431046664,78868.78431046664,82254.07981299827,78868.78431046664,78868.78431046664,0.0,False
interpolation_fold0,interpolation,none_ready,1,always_cpu_ref,1.0,random_forest+probe,1.0,elasticnet,1.0,direct,1.0,20,2.466817330099965,2.466817330099965,2.466817330099965,2.466817330099965,2.466817330099965,0.0,False
interpolation_fold0,interpolation,none_ready,2,always_cpu_ref,1.0,random_forest+probe,1.0,elasticnet,1.0,direct,1.0,20,6.875135238713041,6.875135238713041,6.875135238713041,6.875135238713041,6.875135238713041,0.0,False
interpolation_fold0,interpolation,none_ready,3,always_cpu_ref,1.0,random_forest+probe,1.0,elasticnet,1.0,direct,1.0,20,13.877506995478386,13.877506995478386,13.877506995478386,13.877506995478386,13.877506995478386,0.0,False
interpolation_fold0,interpolation,none_ready,5,k_break_even_table_train,1.0,random_forest+probe,1.0,elasticnet,1.0,direct,1.0,20,35.664412053465874,35.664412053465874,35.664412053465874,35.664412053465874,35.664412053465874,0.0,False
interpolation_fold0,interpolation,none_ready,10,k_break_even_table_train,1.0,random_forest+probe,1.0,elasticnet,1.0,direct,1.0,20,135.5276170410993,135.5276170410993,135.5276170410993,135.5276170410993,135.5276170410993,0.0,False
interpolation_fold0,interpolation,none_ready,30,k_break_even_table_train,1.0,random_forest+probe,1.0,elasticnet,1.3890596177995118,direct,1.0,20,439.6682298256064,439.6682298256064,439.6682298256064,610.7253832801448,439.6682298256064,0.0,False
interpolation_fold0,interpolation,none_ready,100,k_break_even_table_train,1.0,random_forest+probe,1.0469977616102653,elasticnet,1.0,structured,1.0,20,1690.0296271762263,1690.0296271762263,1769.4572367085402,1690.0296271762263,1690.0296271762263,0.0,False
interpolation_fold0,interpolation,none_ready,1000,k_break_even_table_train,1.0038265861444209,random_forest+probe,1.0633314858084737,elasticnet,1.028836392914214,structured,1.028836392914214,20,86857.76146325748,87190.13016980818,92358.59255072357,89362.42600046104,89362.42600046104,-2.491446940636699,False
interpolation_fold1,interpolation,cpu_ready,1,always_cpu_ref,1.0,random_forest+probe,21.287789115754386,elasticnet,1.0,structured,1.0,20,8.244127224726086,8.244127224726086,175.49924180341836,8.244127224726086,8.244127224726086,0.0,False
interpolation_fold1,interpolation,cpu_ready,2,always_cpu_ref,1.0,random_forest+probe,5.829069483199973,elasticnet,1.0,structured,1.0,20,32.97650889890434,32.97650889890434,192.22236168507564,32.97650889890434,32.97650889890434,0.0,False
interpolation_fold1,interpolation,cpu_ready,3,always_cpu_ref,1.0,random_forest+probe,2.828027831300361,elasticnet,1.0,structured,1.0,20,74.19714502253477,74.19714502253477,209.8315911267574,74.19714502253477,74.19714502253477,0.0,False
interpolation_fold1,interpolation,cpu_ready,5,k_break_even_table_train,1.0,random_forest+probe,1.3718945735248087,elasticnet,1.1414706138377346,structured,1.1414706138377346,20,180.55933995989017,180.55933995989017,247.70837869019445,206.10318061815204,206.10318061815204,-14.147061383773462,False
interpolation_fold1,interpolation,cpu_ready,10,k_break_even_table_train,1.0,random_forest+probe,1.0,elasticnet,1.0730693499782176,direct,1.0,20,357.907264899216,357.907264899216,357.907264899216,384.05931609788337,357.907264899216,0.0,False
interpolation_fold1,interpolation,cpu_ready,30,k_break_even_table_train,1.0,random_forest+probe,1.0,elasticnet,1.0,direct,1.0,20,1020.230199741427,1020.230199741427,1020.230199741427,1020.230199741427,1020.230199741427,0.0,False
interpolation_fold1,interpolation,cpu_ready,100,k_break_even_table_train,1.0,random_forest+probe,1.0354994283928032,elasticnet,1.0192398844252974,structured,1.0192398844252974,20,6013.898866627014,6013.898866627013,6227.3888388044,6129.605585766345,6129.605585766345,-1.9239884425297449,False
interpolation_fold1,interpolation,cpu_ready,1000,k_break_even_table_train,1.0006280871195838,random_forest+probe,1.0689392469120191,elasticnet,1.0,structured,1.0,20,426595.8908117367,426863.830196023,456005.0902600598,426595.8908117367,426595.8908117367,0.06276928737747323,False
interpolation_fold1,interpolation,gpu_ready,1,size_threshold_train,1.1186074695426331,random_forest+probe,1.3187110676843856,elasticnet,1.1816021600033686,structured,1.1816021600033686,20,0.5215161360300266,0.5833718452501997,0.6877291005587916,0.61622459280969,0.61622459280969,-5.63152778574707,False
interpolation_fold1,interpolation,gpu_ready,2,size_threshold_train,1.0611272885468008,random_forest+probe,1.1655800547355994,elasticnet,1.027415684023663,structured,1.027415684023663,20,1.823701418938374,1.93517934179703,2.1256699997075805,1.8736994407934944,1.8736994407934944,3.176961415185675,True
interpolation_fold1,interpolation,gpu_ready,3,size_threshold_train,1.059605586584954,random_forest+probe,1.1416159627779126,elasticnet,1.044282532539587,structured,1.044282532539587,20,3.9325660295476235,4.166968934522873,4.489480154009723,4.106710012715141,4.106710012715141,1.4461092164257394,False
interpolation_fold1,interpolation,gpu_ready,5,size_threshold_train,1.0623740691877517,random_forest+probe,1.130639573305258,elasticnet,1.056956500365583,structured,1.056956500365583,20,10.608781535046848,11.2704944085116,11.994708228074067,11.213020604426134,11.213020604426134,0.5099492710990972,False
interpolation_fold1,interpolation,gpu_ready,10,operation_crossover_table_train,1.00693697242918,random_forest+probe,1.1277889043443774,elasticnet,1.0659691284261898,structured,1.0659691284261898,20,41.63953305141048,41.92838534415205,46.960603357461714,44.38645675488556,44.38645675488556,-5.862547270917884,False
interpolation_fold1,interpolation,gpu_ready,30,operation_crossover_table_train,1.000439630816119,random_forest+probe,1.0723867617970075,elasticnet,1.0,structured,1.0,20,370.31690444601367,370.4797071689379,397.1229459975525,370.31690444601367,370.31690444601367,0.04394376257969013,False
interpolation_fold1,interpolation,gpu_ready,100,operation_crossover_table_train,1.0000600031084037,random_forest+probe,1.074767072934298,elasticnet,1.0,structured,1.0,20,4096.914988709916,4097.160816344103,4403.229330476408,4096.914988709916,4096.914988709916,0.005999950824675526,False
interpolation_fold1,interpolation,gpu_ready,1000,operation_crossover_table_train,1.0001399557249555,random_forest+probe,1.074914626783583,elasticnet,1.0,structured,1.0,20,409018.5217798264,409075.7662635624,439659.9916865349,409018.5217798264,409018.5217798264,0.013993614009155664,False
interpolation_fold1,interpolation,none_ready,1,always_cpu_ref,1.0,random_forest+probe,1.0,elasticnet,1.0,direct,1.0,20,10.262041577135918,10.262041577135918,10.262041577135918,10.262041577135918,10.262041577135918,0.0,False
interpolation_fold1,interpolation,none_ready,2,always_cpu_ref,1.0,random_forest+probe,1.0,elasticnet,1.0,direct,1.0,20,36.39565571757142,36.39565571757142,36.39565571757142,36.39565571757142,36.39565571757142,0.0,False
interpolation_fold1,interpolation,none_ready,3,always_cpu_ref,1.0,random_forest+probe,1.0,elasticnet,1.0,direct,1.0,20,79.01752430745908,79.01752430745908,79.01752430745908,79.01752430745908,79.01752430745908,0.0,False
interpolation_fold1,interpolation,none_ready,5,k_break_even_table_train,1.0,random_forest+probe,1.1543055929175463,elasticnet,1.1543055929175463,direct,1.1543055929175463,20,185.15549621083542,185.15549621083545,213.7260248355909,213.7260248355909,213.7260248355909,-15.43055929175463,False
interpolation_fold1,interpolation,none_ready,10,k_break_even_table_train,1.0,random_forest+probe,2.331375570468698,elasticnet,1.0908480523346524,structured,1.0908480523346524,20,359.891276055815,359.891276055815,839.0417290213335,392.5866975377185,392.5866975377185,-9.084805233465243,False
interpolation_fold1,interpolation,none_ready,30,k_break_even_table_train,1.0,random_forest+probe,1.080366997097827,elasticnet,1.0,structured,1.0,20,1025.1212133088177,1025.1212133088177,1107.5071268837278,1025.1212133088177,1025.1212133088177,0.0,False
interpolation_fold1,interpolation,none_ready,100,k_break_even_table_train,1.005948577510721,random_forest+probe,1.035675967992378,elasticnet,1.0194802439130246,structured,1.0194802439130246,20,6027.258639350081,6063.112254543418,6242.286925649319,6144.671107771505,6144.671107771505,-1.345164823015943,False
interpolation_fold1,interpolation,none_ready,1000,k_break_even_table_train,1.0006265312983158,random_forest+probe,1.0690975047053817,elasticnet,1.0,structured,1.0,20,426667.6277732648,426934.9483960429,456149.296190962,426667.6277732648,426667.6277732648,0.062613900263353,False
interpolation_fold2,interpolation,cpu_ready,1,always_cpu_ref,1.0,random_forest+probe,1.0,elasticnet,1.0,direct,1.0,16,0.3119994340531757,0.3119994340531757,0.3119994340531757,0.3119994340531757,0.3119994340531757,0.0,False
interpolation_fold2,interpolation,cpu_ready,2,always_cpu_ref,1.0,random_forest+probe,1.0,elasticnet,1.0,direct,1.0,16,1.2479977362127028,1.2479977362127028,1.2479977362127028,1.2479977362127028,1.2479977362127028,0.0,False
interpolation_fold2,interpolation,cpu_ready,3,always_cpu_ref,1.0,random_forest+probe,1.0,elasticnet,1.0,direct,1.0,16,2.8079949064785814,2.8079949064785814,2.8079949064785814,2.8079949064785814,2.8079949064785814,0.0,False
interpolation_fold2,interpolation,cpu_ready,5,k_break_even_table_train,1.0,random_forest+probe,1.0,elasticnet,1.0,direct,1.0,16,7.799985851329392,7.799985851329392,7.799985851329392,7.799985851329392,7.799985851329392,0.0,False
interpolation_fold2,interpolation,cpu_ready,10,k_break_even_table_train,1.0,random_forest+probe,1.0,elasticnet,1.0,direct,1.0,16,31.19994340531757,31.19994340531757,31.19994340531757,31.19994340531757,31.19994340531757,0.0,False
interpolation_fold2,interpolation,cpu_ready,30,k_break_even_table_train,1.0606178943040148,random_forest+probe,1.15192716114749,elasticnet,1.0,structured,1.0,16,280.7994906478582,297.82096449257125,323.46056011364846,280.7994906478582,280.7994906478582,5.715337694145983,True
interpolation_fold2,interpolation,cpu_ready,100,k_break_even_table_train,1.0,random_forest+probe,2.0061927676811933,elasticnet,1.5289109090895543,structured,1.5289109090895543,16,1442.2400520358967,1442.2400520358965,2893.4115616545632,2205.056549083569,2205.056549083569,-52.89109090895543,False
interpolation_fold2,interpolation,cpu_ready,1000,k_break_even_table_train,1.0030258627422175,random_forest+probe,2.8909082011510567,elasticnet,1.002365996813536,structured,1.002365996813536,16,95016.74530864038,95304.2529381566,274684.6882594297,95241.5546252732,95241.5546252732,0.0657875288357368,False
interpolation_fold2,interpolation,gpu_ready,1,size_threshold_train,1.210886751181991,random_forest+probe,1.0,elasticnet,1.0,direct,1.0,16,0.2781580109889865,0.3368178502416984,0.2781580109889865,0.2781580109889865,0.2781580109889865,17.415893846070794,True
interpolation_fold2,interpolation,gpu_ready,2,size_threshold_train,1.0824821515173793,random_forest+probe,1.0,elasticnet,1.0,direct,1.0,16,0.6697243882820765,0.7249646967512429,0.6697243882820765,0.6697243882820765,0.6697243882820765,7.6197239281737055,True
interpolation_fold2,interpolation,gpu_ready,3,size_threshold_train,1.0380265520288745,random_forest+probe,1.0,elasticnet,1.0,direct,1.0,16,1.2513792311288112,1.298964868569184,1.2513792311288112,1.2513792311288112,1.2513792311288112,3.663350610304694,True
interpolation_fold2,interpolation,gpu_ready,5,size_threshold_train,1.0065565072666736,random_forest+probe,1.0,elasticnet,1.0000241253572884,direct,1.0,16,2.984954313483214,3.0045251881302555,2.984954313483214,2.9850263265725165,2.984954313483214,0.6513799492964267,False
interpolation_fold2,interpolation,gpu_ready,10,operation_crossover_table_train,1.0372271179254484,random_forest+probe,1.021526877690953,elasticnet,1.0093202322559116,structured,1.0093202322559116,16,10.421106286132018,10.809054038759486,10.645440166558002,10.518233417082309,10.518233417082309,2.690527965114642,False
interpolation_fold2,interpolation,gpu_ready,30,operation_crossover_table_train,1.006953930568076,random_forest+probe,1.018176650754496,elasticnet,1.0,structured,1.0,16,85.48379744395169,86.07824583607238,87.03760657525848,85.48379744395169,85.48379744395169,0.6905907367731112,False
interpolation_fold2,interpolation,gpu_ready,100,operation_crossover_table_train,1.001842010677841,random_forest+probe,1.006269955082648,elasticnet,1.001842010677841,structured,1.001842010677841,16,920.2730554062292,921.9682082008168,926.0431261273972,921.9682082008168,921.9682082008168,0.0,False
interpolation_fold2,interpolation,gpu_ready,1000,operation_crossover_table_train,1.000634762375786,random_forest+probe,1.0061480386579378,elasticnet,1.000634762375786,structured,1.000634762375786,16,90936.31011062859,90994.03305887964,91495.390060599,90994.03305887964,90994.03305887964,0.0,False
interpolation_fold2,interpolation,none_ready,1,always_cpu_ref,1.0,random_forest+probe,1.0,elasticnet,1.0,direct,1.0,16,1.2163202822412733,1.2163202822412733,1.2163202822412733,1.2163202822412733,1.2163202822412733,0.0,False
interpolation_fold2,interpolation,none_ready,2,always_cpu_ref,1.0,random_forest+probe,1.0,elasticnet,1.0,direct,1.0,16,2.5371061999596387,2.5371061999596387,2.5371061999596387,2.5371061999596387,2.5371061999596387,0.0,False
interpolation_fold2,interpolation,none_ready,3,always_cpu_ref,1.0,random_forest+probe,1.0,elasticnet,1.0,direct,1.0,16,4.481890985784355,4.481890985784355,4.481890985784355,4.481890985784355,4.481890985784355,0.0,False
interpolation_fold2,interpolation,none_ready,5,k_break_even_table_train,1.0,random_forest+probe,1.0,elasticnet,1.0,direct,1.0,16,10.243457161752843,10.243457161752843,10.243457161752843,10.243457161752843,10.243457161752843,0.0,False
interpolation_fold2,interpolation,none_ready,10,k_break_even_table_train,1.0,random_forest+probe,1.0,elasticnet,1.0,direct,1.0,16,35.567352793535214,35.567352793535214,35.567352793535214,35.567352793535214,35.567352793535214,0.0,False
interpolation_fold2,interpolation,none_ready,30,k_break_even_table_train,1.050134293634864,random_forest+probe,1.1953032037484383,elasticnet,1.0,structured,1.0,16,292.8626523472525,307.5451145547148,350.0596666089361,292.8626523472525,292.8626523472525,4.774084032750958,True
interpolation_fold2,interpolation,none_ready,100,k_break_even_table_train,1.0,random_forest+probe,1.5358361912450589,elasticnet,1.5358361912450589,direct,1.5358361912450589,16,1455.7598240708382,1455.7598240708382,2235.808623568533,2235.808623568533,2235.808623568533,-53.58361912450589,False
interpolation_fold2,interpolation,none_ready,1000,k_break_even_table_train,1.002913300836067,random_forest+probe,2.003087371656022,elasticnet,1.00238354889058,structured,1.00238354889058,16,95146.04962559158,95423.23869151429,190585.85046797968,95372.83488661972,95372.83488661972,0.052821310181583314,False
