elapsed_seconds,gpu_interval_ns,kernel_ref,n_gpu_telemetry,n_windows_total,phase_label_train,quality_json,repetition,success
4.936188363470137,1000000,gpu_dgemm_n4096,2998,7494,compute_bound,"{""first_sample_no_delta"": 1, ""warmup_excluded"": 396, ""pmu_degraded"": 3885, ""intensity_undefined"": 77, ""no_freq_reading"": 137, ""gpu_telemetry"": 2998}",1,True
4.930338583886623,1000000,gpu_dgemm_n4096,2972,7462,compute_bound,"{""first_sample_no_delta"": 1, ""warmup_excluded"": 389, ""pmu_degraded"": 3887, ""intensity_undefined"": 74, ""no_freq_reading"": 139, ""gpu_telemetry"": 2972}",2,True
4.929765932261944,1000000,gpu_dgemm_n4096,2990,7490,compute_bound,"{""first_sample_no_delta"": 1, ""warmup_excluded"": 390, ""pmu_degraded"": 3884, ""intensity_undefined"": 90, ""no_freq_reading"": 135, ""gpu_telemetry"": 2990}",3,True
7.3858733884990215,1000000,rodinia_hotspot,4446,11360,memory_bound,"{""first_sample_no_delta"": 1, ""warmup_excluded"": 2204, ""pmu_degraded"": 594, ""intensity_undefined"": 4115, ""gpu_telemetry"": 4446}",1,True
7.385605967603624,1000000,rodinia_hotspot,4586,11498,memory_bound,"{""first_sample_no_delta"": 1, ""warmup_excluded"": 2205, ""pmu_degraded"": 588, ""intensity_undefined"": 4118, ""gpu_telemetry"": 4586}",2,True
7.335401282645762,1000000,rodinia_hotspot,3483,10389,memory_bound,"{""first_sample_no_delta"": 1, ""warmup_excluded"": 2205, ""pmu_degraded"": 585, ""intensity_undefined"": 4115, ""gpu_telemetry"": 3483}",3,True
1.2715496132150292,1000000,rodinia_backprop,537,1377,memory_bound,"{""first_sample_no_delta"": 1, ""warmup_excluded"": 823, ""pmu_degraded"": 16, ""gpu_telemetry"": 537}",1,True
1.2715029995888472,1000000,rodinia_backprop,419,1251,memory_bound,"{""first_sample_no_delta"": 1, ""warmup_excluded"": 816, ""pmu_degraded"": 15, ""gpu_telemetry"": 419}",2,True
1.2707495652139187,1000000,rodinia_backprop,531,1365,memory_bound,"{""first_sample_no_delta"": 1, ""warmup_excluded"": 818, ""pmu_degraded"": 15, ""gpu_telemetry"": 531}",3,True
5.9820310436189175,1000000,rodinia_lavamd,3547,9071,compute_bound,"{""first_sample_no_delta"": 1, ""warmup_excluded"": 3748, ""pmu_degraded"": 1507, ""intensity_undefined"": 268, ""gpu_telemetry"": 3547}",1,True
5.931954129599035,1000000,rodinia_lavamd,3004,8516,compute_bound,"{""first_sample_no_delta"": 1, ""warmup_excluded"": 3737, ""pmu_degraded"": 1505, ""intensity_undefined"": 269, ""gpu_telemetry"": 3004}",2,True
5.982704108580947,1000000,rodinia_lavamd,3547,9072,compute_bound,"{""first_sample_no_delta"": 1, ""warmup_excluded"": 3749, ""pmu_degraded"": 1507, ""intensity_undefined"": 268, ""gpu_telemetry"": 3547}",3,True
0.7233058726415038,1000000,rodinia_heartwall,193,504,compute_bound,"{""first_sample_no_delta"": 1, ""warmup_excluded"": 277, ""pmu_degraded"": 16, ""intensity_undefined"": 17, ""gpu_telemetry"": 193}",1,True
0.7201434299349785,1000000,rodinia_heartwall,188,496,compute_bound,"{""first_sample_no_delta"": 1, ""warmup_excluded"": 278, ""pmu_degraded"": 15, ""intensity_undefined"": 14, ""gpu_telemetry"": 188}",2,True
0.7193649420514703,1000000,rodinia_heartwall,202,514,compute_bound,"{""first_sample_no_delta"": 1, ""warmup_excluded"": 278, ""pmu_degraded"": 15, ""intensity_undefined"": 18, ""gpu_telemetry"": 202}",3,True
9.740073003806174,1000000,rodinia_lud,4671,13991,memory_bound,"{""first_sample_no_delta"": 1, ""warmup_excluded"": 976, ""pmu_degraded"": 24, ""intensity_undefined"": 8319, ""gpu_telemetry"": 4671}",1,True
9.188829110004008,1000000,rodinia_lud,5678,14420,memory_bound,"{""first_sample_no_delta"": 1, ""warmup_excluded"": 976, ""pmu_degraded"": 24, ""intensity_undefined"": 7741, ""gpu_telemetry"": 5678}",2,True
9.090540697798133,1000000,rodinia_lud,4332,12964,memory_bound,"{""first_sample_no_delta"": 1, ""warmup_excluded"": 976, ""pmu_degraded"": 24, ""intensity_undefined"": 7631, ""gpu_telemetry"": 4332}",3,True
6.936655054800212,1000000,rodinia_myocyte,4078,10565,memory_bound,"{""first_sample_no_delta"": 1, ""warmup_excluded"": 956, ""pmu_degraded"": 2429, ""intensity_undefined"": 3101, ""gpu_telemetry"": 4078}",1,True
6.883864546194673,1000000,rodinia_myocyte,3852,10320,memory_bound,"{""first_sample_no_delta"": 1, ""warmup_excluded"": 961, ""pmu_degraded"": 2418, ""intensity_undefined"": 3088, ""gpu_telemetry"": 3852}",2,True
6.934289042837918,1000000,rodinia_myocyte,3416,9921,memory_bound,"{""first_sample_no_delta"": 1, ""warmup_excluded"": 958, ""pmu_degraded"": 2424, ""intensity_undefined"": 3122, ""gpu_telemetry"": 3416}",3,True
2.523869545198977,1000000,rodinia_dwt2d,1338,3437,memory_bound,"{""first_sample_no_delta"": 1, ""warmup_excluded"": 946, ""pmu_degraded"": 125, ""intensity_undefined"": 1027, ""gpu_telemetry"": 1338}",1,True
2.474960131570697,1000000,rodinia_dwt2d,1281,3344,memory_bound,"{""first_sample_no_delta"": 1, ""warmup_excluded"": 967, ""pmu_degraded"": 103, ""intensity_undefined"": 992, ""gpu_telemetry"": 1281}",2,True
2.5239176815375686,1000000,rodinia_dwt2d,1315,3401,memory_bound,"{""first_sample_no_delta"": 1, ""warmup_excluded"": 959, ""pmu_degraded"": 112, ""intensity_undefined"": 1014, ""gpu_telemetry"": 1315}",3,True
4.931169169023633,5000000,gpu_dgemm_n4096,808,5301,compute_bound,"{""first_sample_no_delta"": 1, ""warmup_excluded"": 393, ""pmu_degraded"": 3885, ""intensity_undefined"": 77, ""no_freq_reading"": 137, ""gpu_telemetry"": 808}",1,True
4.929373820312321,5000000,gpu_dgemm_n4096,806,5297,compute_bound,"{""first_sample_no_delta"": 1, ""warmup_excluded"": 392, ""pmu_degraded"": 3885, ""intensity_undefined"": 75, ""no_freq_reading"": 138, ""gpu_telemetry"": 806}",2,True
4.9311804519966245,5000000,gpu_dgemm_n4096,812,5303,compute_bound,"{""first_sample_no_delta"": 1, ""warmup_excluded"": 395, ""pmu_degraded"": 3886, ""intensity_undefined"": 71, ""no_freq_reading"": 138, ""gpu_telemetry"": 812}",3,True
7.384655543603003,5000000,rodinia_hotspot,1254,8230,memory_bound,"{""first_sample_no_delta"": 1, ""warmup_excluded"": 2204, ""pmu_degraded"": 586, ""intensity_undefined"": 4185, ""gpu_telemetry"": 1254}",1,True
7.335458729416132,5000000,rodinia_hotspot,1245,8156,memory_bound,"{""first_sample_no_delta"": 1, ""warmup_excluded"": 2203, ""pmu_degraded"": 591, ""intensity_undefined"": 4116, ""gpu_telemetry"": 1245}",2,True
7.333985299803317,5000000,rodinia_hotspot,1239,8154,memory_bound,"{""first_sample_no_delta"": 1, ""warmup_excluded"": 2203, ""pmu_degraded"": 587, ""intensity_undefined"": 4124, ""gpu_telemetry"": 1239}",3,True
1.271481734700501,5000000,rodinia_backprop,151,996,memory_bound,"{""first_sample_no_delta"": 1, ""warmup_excluded"": 829, ""pmu_degraded"": 15, ""gpu_telemetry"": 151}",1,True
1.2715609772130847,5000000,rodinia_backprop,149,980,memory_bound,"{""first_sample_no_delta"": 1, ""warmup_excluded"": 815, ""pmu_degraded"": 15, ""gpu_telemetry"": 149}",2,True
1.2714130189269781,5000000,rodinia_backprop,151,990,memory_bound,"{""first_sample_no_delta"": 1, ""warmup_excluded"": 823, ""pmu_degraded"": 15, ""gpu_telemetry"": 151}",3,True
5.981643314473331,5000000,rodinia_lavamd,993,6526,compute_bound,"{""first_sample_no_delta"": 1, ""warmup_excluded"": 3751, ""pmu_degraded"": 1506, ""intensity_undefined"": 275, ""gpu_telemetry"": 993}",1,True
5.982273796573281,5000000,rodinia_lavamd,997,6534,compute_bound,"{""first_sample_no_delta"": 1, ""warmup_excluded"": 3757, ""pmu_degraded"": 1507, ""intensity_undefined"": 272, ""gpu_telemetry"": 997}",2,True
5.932016916573048,5000000,rodinia_lavamd,987,6499,compute_bound,"{""first_sample_no_delta"": 1, ""warmup_excluded"": 3736, ""pmu_degraded"": 1506, ""intensity_undefined"": 269, ""gpu_telemetry"": 987}",3,True
0.7224786998704076,5000000,rodinia_heartwall,55,365,compute_bound,"{""first_sample_no_delta"": 1, ""warmup_excluded"": 278, ""pmu_degraded"": 15, ""intensity_undefined"": 16, ""gpu_telemetry"": 55}",1,True
0.7193479789420962,5000000,rodinia_heartwall,56,366,compute_bound,"{""first_sample_no_delta"": 1, ""warmup_excluded"": 278, ""pmu_degraded"": 15, ""intensity_undefined"": 16, ""gpu_telemetry"": 56}",2,True
0.7195490822196007,5000000,rodinia_heartwall,56,366,compute_bound,"{""first_sample_no_delta"": 1, ""warmup_excluded"": 279, ""pmu_degraded"": 14, ""intensity_undefined"": 16, ""gpu_telemetry"": 56}",3,True
9.088521224446595,5000000,rodinia_lud,1551,10230,memory_bound,"{""first_sample_no_delta"": 1, ""warmup_excluded"": 976, ""pmu_degraded"": 24, ""intensity_undefined"": 7678, ""gpu_telemetry"": 1551}",1,True
9.440202569589019,5000000,rodinia_lud,1502,10478,memory_bound,"{""first_sample_no_delta"": 1, ""warmup_excluded"": 975, ""pmu_degraded"": 25, ""intensity_undefined"": 7975, ""gpu_telemetry"": 1502}",2,True
9.089411053806543,5000000,rodinia_lud,1457,10133,memory_bound,"{""first_sample_no_delta"": 1, ""warmup_excluded"": 976, ""pmu_degraded"": 24, ""intensity_undefined"": 7675, ""gpu_telemetry"": 1457}",3,True
6.933561710640788,5000000,rodinia_myocyte,1167,7666,memory_bound,"{""first_sample_no_delta"": 1, ""warmup_excluded"": 949, ""pmu_degraded"": 2446, ""intensity_undefined"": 3103, ""gpu_telemetry"": 1167}",1,True
6.93368118815124,5000000,rodinia_myocyte,1167,7672,memory_bound,"{""first_sample_no_delta"": 1, ""warmup_excluded"": 957, ""pmu_degraded"": 2424, ""intensity_undefined"": 3123, ""gpu_telemetry"": 1167}",2,True
6.933966217562556,5000000,rodinia_myocyte,1163,7653,memory_bound,"{""first_sample_no_delta"": 1, ""warmup_excluded"": 948, ""pmu_degraded"": 2451, ""intensity_undefined"": 3090, ""gpu_telemetry"": 1163}",3,True
2.5238833921030164,5000000,rodinia_dwt2d,375,2460,memory_bound,"{""first_sample_no_delta"": 1, ""warmup_excluded"": 966, ""pmu_degraded"": 104, ""intensity_undefined"": 1014, ""gpu_telemetry"": 375}",1,True
2.5239728428423405,5000000,rodinia_dwt2d,375,2471,memory_bound,"{""first_sample_no_delta"": 1, ""warmup_excluded"": 947, ""pmu_degraded"": 123, ""intensity_undefined"": 1025, ""gpu_telemetry"": 375}",2,True
2.523333977907896,5000000,rodinia_dwt2d,378,2486,memory_bound,"{""first_sample_no_delta"": 1, ""warmup_excluded"": 946, ""pmu_degraded"": 123, ""intensity_undefined"": 1038, ""gpu_telemetry"": 378}",3,True
4.931431199423969,10000000,gpu_dgemm_n4096,429,4924,compute_bound,"{""first_sample_no_delta"": 1, ""warmup_excluded"": 392, ""pmu_degraded"": 3886, ""intensity_undefined"": 80, ""no_freq_reading"": 136, ""gpu_telemetry"": 429}",1,True
4.930042690597475,10000000,gpu_dgemm_n4096,425,4911,compute_bound,"{""first_sample_no_delta"": 1, ""warmup_excluded"": 387, ""pmu_degraded"": 3884, ""intensity_undefined"": 74, ""no_freq_reading"": 140, ""gpu_telemetry"": 425}",2,True
4.980126677080989,10000000,gpu_dgemm_n4096,431,4975,compute_bound,"{""first_sample_no_delta"": 1, ""warmup_excluded"": 440, ""pmu_degraded"": 3885, ""intensity_undefined"": 72, ""no_freq_reading"": 146, ""gpu_telemetry"": 431}",3,True
7.434369350783527,10000000,rodinia_hotspot,656,7639,memory_bound,"{""first_sample_no_delta"": 1, ""warmup_excluded"": 2205, ""pmu_degraded"": 593, ""intensity_undefined"": 4184, ""gpu_telemetry"": 656}",1,True
7.385699062608182,10000000,rodinia_hotspot,655,7574,memory_bound,"{""first_sample_no_delta"": 1, ""warmup_excluded"": 2205, ""pmu_degraded"": 597, ""intensity_undefined"": 4116, ""gpu_telemetry"": 655}",2,True
7.335078973323107,10000000,rodinia_hotspot,652,7564,memory_bound,"{""first_sample_no_delta"": 1, ""warmup_excluded"": 2205, ""pmu_degraded"": 594, ""intensity_undefined"": 4112, ""gpu_telemetry"": 652}",3,True
1.2705989563837647,10000000,rodinia_backprop,80,919,memory_bound,"{""first_sample_no_delta"": 1, ""warmup_excluded"": 824, ""pmu_degraded"": 14, ""gpu_telemetry"": 80}",1,True
1.2718338407576084,10000000,rodinia_backprop,82,944,memory_bound,"{""first_sample_no_delta"": 1, ""warmup_excluded"": 847, ""pmu_degraded"": 14, ""gpu_telemetry"": 82}",2,True
1.2716122046113014,10000000,rodinia_backprop,79,912,memory_bound,"{""first_sample_no_delta"": 1, ""warmup_excluded"": 817, ""pmu_degraded"": 15, ""gpu_telemetry"": 79}",3,True
5.9815020160749555,10000000,rodinia_lavamd,525,6060,compute_bound,"{""first_sample_no_delta"": 1, ""warmup_excluded"": 3756, ""pmu_degraded"": 1507, ""intensity_undefined"": 271, ""gpu_telemetry"": 525}",1,True
5.931682707741857,10000000,rodinia_lavamd,522,6042,compute_bound,"{""first_sample_no_delta"": 1, ""warmup_excluded"": 3745, ""pmu_degraded"": 1506, ""intensity_undefined"": 268, ""gpu_telemetry"": 522}",2,True
5.932425036095083,10000000,rodinia_lavamd,522,6044,compute_bound,"{""first_sample_no_delta"": 1, ""warmup_excluded"": 3745, ""pmu_degraded"": 1505, ""intensity_undefined"": 271, ""gpu_telemetry"": 522}",3,True
0.7241422683000565,10000000,rodinia_heartwall,30,341,compute_bound,"{""first_sample_no_delta"": 1, ""warmup_excluded"": 278, ""pmu_degraded"": 15, ""intensity_undefined"": 17, ""gpu_telemetry"": 30}",1,True
0.7189750652760267,10000000,rodinia_heartwall,30,336,compute_bound,"{""first_sample_no_delta"": 1, ""warmup_excluded"": 278, ""pmu_degraded"": 15, ""intensity_undefined"": 12, ""gpu_telemetry"": 30}",2,True
0.7199736731126904,10000000,rodinia_heartwall,30,345,compute_bound,"{""first_sample_no_delta"": 1, ""warmup_excluded"": 278, ""pmu_degraded"": 15, ""intensity_undefined"": 21, ""gpu_telemetry"": 30}",3,True
9.089017044752836,10000000,rodinia_lud,822,9496,memory_bound,"{""first_sample_no_delta"": 1, ""warmup_excluded"": 976, ""pmu_degraded"": 24, ""intensity_undefined"": 7673, ""gpu_telemetry"": 822}",1,True
9.490534839220345,10000000,rodinia_lud,860,9892,memory_bound,"{""first_sample_no_delta"": 1, ""warmup_excluded"": 977, ""pmu_degraded"": 23, ""intensity_undefined"": 8031, ""gpu_telemetry"": 860}",2,True
9.191229517571628,10000000,rodinia_lud,826,9549,memory_bound,"{""first_sample_no_delta"": 1, ""warmup_excluded"": 975, ""pmu_degraded"": 25, ""intensity_undefined"": 7722, ""gpu_telemetry"": 826}",3,True
6.934617282822728,10000000,rodinia_myocyte,614,7098,memory_bound,"{""first_sample_no_delta"": 1, ""warmup_excluded"": 943, ""pmu_degraded"": 2417, ""intensity_undefined"": 3123, ""gpu_telemetry"": 614}",1,True
6.934042397886515,10000000,rodinia_myocyte,612,7090,memory_bound,"{""first_sample_no_delta"": 1, ""warmup_excluded"": 942, ""pmu_degraded"": 2418, ""intensity_undefined"": 3117, ""gpu_telemetry"": 612}",2,True
6.933976701460779,10000000,rodinia_myocyte,613,7095,memory_bound,"{""first_sample_no_delta"": 1, ""warmup_excluded"": 947, ""pmu_degraded"": 2434, ""intensity_undefined"": 3100, ""gpu_telemetry"": 613}",3,True
2.5233622984960675,10000000,rodinia_dwt2d,197,2279,memory_bound,"{""first_sample_no_delta"": 1, ""warmup_excluded"": 957, ""pmu_degraded"": 114, ""intensity_undefined"": 1010, ""gpu_telemetry"": 197}",1,True
2.5232820622622967,10000000,rodinia_dwt2d,198,2287,memory_bound,"{""first_sample_no_delta"": 1, ""warmup_excluded"": 934, ""pmu_degraded"": 137, ""intensity_undefined"": 1017, ""gpu_telemetry"": 198}",2,True
2.574370534159243,10000000,rodinia_dwt2d,200,2303,memory_bound,"{""first_sample_no_delta"": 1, ""warmup_excluded"": 955, ""pmu_degraded"": 116, ""intensity_undefined"": 1031, ""gpu_telemetry"": 200}",3,True
4.931581132113934,50000000,gpu_dgemm_n4096,89,4587,compute_bound,"{""first_sample_no_delta"": 1, ""warmup_excluded"": 397, ""pmu_degraded"": 3886, ""intensity_undefined"": 72, ""no_freq_reading"": 142, ""gpu_telemetry"": 89}",1,True
4.92978235706687,50000000,gpu_dgemm_n4096,89,4576,compute_bound,"{""first_sample_no_delta"": 1, ""warmup_excluded"": 388, ""pmu_degraded"": 3884, ""intensity_undefined"": 77, ""no_freq_reading"": 137, ""gpu_telemetry"": 89}",2,True
4.9309447929263115,50000000,gpu_dgemm_n4096,89,4581,compute_bound,"{""first_sample_no_delta"": 1, ""warmup_excluded"": 392, ""pmu_degraded"": 3886, ""no_freq_reading"": 142, ""intensity_undefined"": 71, ""gpu_telemetry"": 89}",3,True
7.385969787836075,50000000,rodinia_hotspot,138,7101,memory_bound,"{""first_sample_no_delta"": 1, ""warmup_excluded"": 2204, ""pmu_degraded"": 590, ""intensity_undefined"": 4168, ""gpu_telemetry"": 138}",1,True
7.385235955007374,50000000,rodinia_hotspot,137,7046,memory_bound,"{""first_sample_no_delta"": 1, ""warmup_excluded"": 2204, ""pmu_degraded"": 590, ""intensity_undefined"": 4114, ""gpu_telemetry"": 137}",2,True
7.3345798989757895,50000000,rodinia_hotspot,137,7044,memory_bound,"{""first_sample_no_delta"": 1, ""warmup_excluded"": 2205, ""pmu_degraded"": 592, ""intensity_undefined"": 4109, ""gpu_telemetry"": 137}",3,True
1.2712237890809774,50000000,rodinia_backprop,17,849,memory_bound,"{""first_sample_no_delta"": 1, ""warmup_excluded"": 816, ""pmu_degraded"": 15, ""gpu_telemetry"": 17}",1,True
1.2707159239798784,50000000,rodinia_backprop,17,848,memory_bound,"{""first_sample_no_delta"": 1, ""warmup_excluded"": 816, ""pmu_degraded"": 14, ""gpu_telemetry"": 17}",2,True
1.271715092472732,50000000,rodinia_backprop,17,846,memory_bound,"{""first_sample_no_delta"": 1, ""warmup_excluded"": 813, ""pmu_degraded"": 15, ""gpu_telemetry"": 17}",3,True
5.931421998888254,50000000,rodinia_lavamd,110,5635,compute_bound,"{""first_sample_no_delta"": 1, ""warmup_excluded"": 3742, ""pmu_degraded"": 1506, ""intensity_undefined"": 276, ""gpu_telemetry"": 110}",1,True
5.9315243028104305,50000000,rodinia_lavamd,110,5632,compute_bound,"{""first_sample_no_delta"": 1, ""warmup_excluded"": 3748, ""pmu_degraded"": 1506, ""intensity_undefined"": 267, ""gpu_telemetry"": 110}",2,True
5.931338251568377,50000000,rodinia_lavamd,110,5628,compute_bound,"{""first_sample_no_delta"": 1, ""warmup_excluded"": 3742, ""pmu_degraded"": 1508, ""intensity_undefined"": 267, ""gpu_telemetry"": 110}",3,True
0.7727514849975705,50000000,rodinia_heartwall,7,321,compute_bound,"{""first_sample_no_delta"": 1, ""warmup_excluded"": 278, ""pmu_degraded"": 15, ""intensity_undefined"": 20, ""gpu_telemetry"": 7}",1,True
0.7207708228379488,50000000,rodinia_heartwall,7,317,compute_bound,"{""first_sample_no_delta"": 1, ""warmup_excluded"": 278, ""pmu_degraded"": 15, ""intensity_undefined"": 16, ""gpu_telemetry"": 7}",2,True
0.7201537014916539,50000000,rodinia_heartwall,7,314,compute_bound,"{""first_sample_no_delta"": 1, ""warmup_excluded"": 279, ""pmu_degraded"": 14, ""intensity_undefined"": 13, ""gpu_telemetry"": 7}",3,True
9.139356712810695,50000000,rodinia_lud,172,8862,memory_bound,"{""first_sample_no_delta"": 1, ""warmup_excluded"": 976, ""pmu_degraded"": 24, ""intensity_undefined"": 7689, ""gpu_telemetry"": 172}",1,True
9.088182997889817,50000000,rodinia_lud,172,8860,memory_bound,"{""first_sample_no_delta"": 1, ""warmup_excluded"": 976, ""pmu_degraded"": 24, ""intensity_undefined"": 7687, ""gpu_telemetry"": 172}",2,True
9.389907764270902,50000000,rodinia_lud,177,9118,memory_bound,"{""first_sample_no_delta"": 1, ""warmup_excluded"": 974, ""pmu_degraded"": 26, ""intensity_undefined"": 7940, ""gpu_telemetry"": 177}",3,True
6.883117203600705,50000000,rodinia_myocyte,128,6598,memory_bound,"{""first_sample_no_delta"": 1, ""warmup_excluded"": 958, ""pmu_degraded"": 2409, ""intensity_undefined"": 3102, ""gpu_telemetry"": 128}",1,True
6.983930352143943,50000000,rodinia_myocyte,130,6673,memory_bound,"{""first_sample_no_delta"": 1, ""warmup_excluded"": 959, ""pmu_degraded"": 2433, ""intensity_undefined"": 3150, ""gpu_telemetry"": 130}",2,True
6.932914758101106,50000000,rodinia_myocyte,129,6637,memory_bound,"{""first_sample_no_delta"": 1, ""warmup_excluded"": 951, ""pmu_degraded"": 2438, ""intensity_undefined"": 3118, ""gpu_telemetry"": 129}",3,True
2.524086688645184,50000000,rodinia_dwt2d,42,2150,memory_bound,"{""first_sample_no_delta"": 1, ""warmup_excluded"": 948, ""pmu_degraded"": 122, ""intensity_undefined"": 1037, ""gpu_telemetry"": 42}",1,True
2.574065577238798,50000000,rodinia_dwt2d,43,2182,memory_bound,"{""first_sample_no_delta"": 1, ""warmup_excluded"": 948, ""pmu_degraded"": 133, ""intensity_undefined"": 1057, ""gpu_telemetry"": 43}",2,True
2.5242381561547518,50000000,rodinia_dwt2d,42,2132,memory_bound,"{""first_sample_no_delta"": 1, ""warmup_excluded"": 950, ""pmu_degraded"": 119, ""intensity_undefined"": 1020, ""gpu_telemetry"": 42}",3,True
4.932834222912788,100000000,gpu_dgemm_n4096,45,4533,compute_bound,"{""first_sample_no_delta"": 1, ""warmup_excluded"": 389, ""pmu_degraded"": 3885, ""no_freq_reading"": 140, ""intensity_undefined"": 73, ""gpu_telemetry"": 45}",1,True
4.928902042098343,100000000,gpu_dgemm_n4096,45,4537,compute_bound,"{""first_sample_no_delta"": 1, ""warmup_excluded"": 393, ""pmu_degraded"": 3887, ""intensity_undefined"": 70, ""no_freq_reading"": 141, ""gpu_telemetry"": 45}",2,True
4.930097385309637,100000000,gpu_dgemm_n4096,45,4535,compute_bound,"{""first_sample_no_delta"": 1, ""warmup_excluded"": 388, ""pmu_degraded"": 3888, ""intensity_undefined"": 72, ""no_freq_reading"": 141, ""gpu_telemetry"": 45}",3,True
7.335662461817265,100000000,rodinia_hotspot,69,6987,memory_bound,"{""first_sample_no_delta"": 1, ""warmup_excluded"": 2204, ""pmu_degraded"": 597, ""intensity_undefined"": 4116, ""gpu_telemetry"": 69}",1,True
7.335799980908632,100000000,rodinia_hotspot,69,6983,memory_bound,"{""first_sample_no_delta"": 1, ""warmup_excluded"": 2204, ""pmu_degraded"": 593, ""intensity_undefined"": 4116, ""gpu_telemetry"": 69}",2,True
7.334915048442781,100000000,rodinia_hotspot,69,6991,memory_bound,"{""first_sample_no_delta"": 1, ""warmup_excluded"": 2204, ""pmu_degraded"": 595, ""intensity_undefined"": 4122, ""gpu_telemetry"": 69}",3,True
1.2710576374083757,100000000,rodinia_backprop,9,848,memory_bound,"{""first_sample_no_delta"": 1, ""warmup_excluded"": 822, ""pmu_degraded"": 16, ""gpu_telemetry"": 9}",1,True
1.2710707411170006,100000000,rodinia_backprop,9,852,memory_bound,"{""first_sample_no_delta"": 1, ""warmup_excluded"": 828, ""pmu_degraded"": 14, ""gpu_telemetry"": 9}",2,True
1.2703473884612322,100000000,rodinia_backprop,9,852,memory_bound,"{""first_sample_no_delta"": 1, ""warmup_excluded"": 828, ""pmu_degraded"": 14, ""gpu_telemetry"": 9}",3,True
5.932565241120756,100000000,rodinia_lavamd,55,5573,compute_bound,"{""first_sample_no_delta"": 1, ""warmup_excluded"": 3743, ""pmu_degraded"": 1506, ""intensity_undefined"": 268, ""gpu_telemetry"": 55}",1,True
5.931536086834967,100000000,rodinia_lavamd,55,5578,compute_bound,"{""first_sample_no_delta"": 1, ""warmup_excluded"": 3746, ""pmu_degraded"": 1506, ""intensity_undefined"": 270, ""gpu_telemetry"": 55}",2,True
5.982754754833877,100000000,rodinia_lavamd,55,5580,compute_bound,"{""first_sample_no_delta"": 1, ""warmup_excluded"": 3748, ""pmu_degraded"": 1507, ""intensity_undefined"": 269, ""gpu_telemetry"": 55}",3,True
0.7229372709989548,100000000,rodinia_heartwall,4,317,compute_bound,"{""first_sample_no_delta"": 1, ""warmup_excluded"": 277, ""pmu_degraded"": 16, ""intensity_undefined"": 19, ""gpu_telemetry"": 4}",1,True
0.719899432733655,100000000,rodinia_heartwall,4,317,compute_bound,"{""first_sample_no_delta"": 1, ""warmup_excluded"": 278, ""pmu_degraded"": 15, ""intensity_undefined"": 19, ""gpu_telemetry"": 4}",2,True
0.7194555895403028,100000000,rodinia_heartwall,4,314,compute_bound,"{""first_sample_no_delta"": 1, ""warmup_excluded"": 278, ""pmu_degraded"": 15, ""intensity_undefined"": 16, ""gpu_telemetry"": 4}",3,True
9.389614000916481,100000000,rodinia_lud,89,9047,memory_bound,"{""first_sample_no_delta"": 1, ""warmup_excluded"": 975, ""pmu_degraded"": 25, ""intensity_undefined"": 7957, ""gpu_telemetry"": 89}",1,True
9.039269840344787,100000000,rodinia_lud,86,8664,memory_bound,"{""first_sample_no_delta"": 1, ""warmup_excluded"": 974, ""pmu_degraded"": 26, ""intensity_undefined"": 7577, ""gpu_telemetry"": 86}",2,True
9.38954213168472,100000000,rodinia_lud,89,9030,memory_bound,"{""first_sample_no_delta"": 1, ""warmup_excluded"": 976, ""pmu_degraded"": 24, ""intensity_undefined"": 7940, ""gpu_telemetry"": 89}",3,True
6.934662252664566,100000000,rodinia_myocyte,65,6587,memory_bound,"{""first_sample_no_delta"": 1, ""warmup_excluded"": 954, ""pmu_degraded"": 2442, ""intensity_undefined"": 3125, ""gpu_telemetry"": 65}",1,True
6.934664270840585,100000000,rodinia_myocyte,65,6582,memory_bound,"{""first_sample_no_delta"": 1, ""warmup_excluded"": 946, ""pmu_degraded"": 2466, ""intensity_undefined"": 3104, ""gpu_telemetry"": 65}",2,True
6.8838674165308475,100000000,rodinia_myocyte,65,6538,memory_bound,"{""first_sample_no_delta"": 1, ""warmup_excluded"": 958, ""pmu_degraded"": 2425, ""intensity_undefined"": 3089, ""gpu_telemetry"": 65}",3,True
2.5742797376587987,100000000,rodinia_dwt2d,22,2158,memory_bound,"{""first_sample_no_delta"": 1, ""warmup_excluded"": 947, ""pmu_degraded"": 125, ""intensity_undefined"": 1063, ""gpu_telemetry"": 22}",1,True
2.5238568261265755,100000000,rodinia_dwt2d,22,2136,memory_bound,"{""first_sample_no_delta"": 1, ""warmup_excluded"": 944, ""pmu_degraded"": 137, ""intensity_undefined"": 1032, ""gpu_telemetry"": 22}",2,True
2.5238876082003117,100000000,rodinia_dwt2d,21,2129,memory_bound,"{""first_sample_no_delta"": 1, ""warmup_excluded"": 950, ""pmu_degraded"": 121, ""intensity_undefined"": 1036, ""gpu_telemetry"": 21}",3,True
