kernel_ref,n_gpu_telemetry,n_windows_total,quality_json,repetition,run_dir
gpu_dgemm_n4096,2998,7494,"{""first_sample_no_delta"": 1, ""warmup_excluded"": 396, ""pmu_degraded"": 3885, ""intensity_undefined"": 77, ""ok"": 137, ""gpu_telemetry"": 2998}",1,/home/latorresn/hyperion-results/sweeps/gpu_interval_ns/gpu_interval_1000000/sweep_gpu_interval_1000000__gpu_dgemm_n4096__REF__rep01
gpu_dgemm_n4096,2972,7462,"{""first_sample_no_delta"": 1, ""warmup_excluded"": 389, ""pmu_degraded"": 3887, ""intensity_undefined"": 74, ""ok"": 139, ""gpu_telemetry"": 2972}",2,/home/latorresn/hyperion-results/sweeps/gpu_interval_ns/gpu_interval_1000000/sweep_gpu_interval_1000000__gpu_dgemm_n4096__REF__rep02
gpu_dgemm_n4096,2990,7490,"{""first_sample_no_delta"": 1, ""warmup_excluded"": 390, ""pmu_degraded"": 3884, ""intensity_undefined"": 90, ""ok"": 135, ""gpu_telemetry"": 2990}",3,/home/latorresn/hyperion-results/sweeps/gpu_interval_ns/gpu_interval_1000000/sweep_gpu_interval_1000000__gpu_dgemm_n4096__REF__rep03
rodinia_backprop,537,1377,"{""first_sample_no_delta"": 1, ""warmup_excluded"": 823, ""pmu_degraded"": 16, ""gpu_telemetry"": 537}",1,/home/latorresn/hyperion-results/sweeps/gpu_interval_ns/gpu_interval_1000000/sweep_gpu_interval_1000000__rodinia_backprop__REF__rep01
rodinia_backprop,419,1251,"{""first_sample_no_delta"": 1, ""warmup_excluded"": 816, ""pmu_degraded"": 15, ""gpu_telemetry"": 419}",2,/home/latorresn/hyperion-results/sweeps/gpu_interval_ns/gpu_interval_1000000/sweep_gpu_interval_1000000__rodinia_backprop__REF__rep02
rodinia_backprop,531,1365,"{""first_sample_no_delta"": 1, ""warmup_excluded"": 818, ""pmu_degraded"": 15, ""gpu_telemetry"": 531}",3,/home/latorresn/hyperion-results/sweeps/gpu_interval_ns/gpu_interval_1000000/sweep_gpu_interval_1000000__rodinia_backprop__REF__rep03
rodinia_dwt2d,1338,3437,"{""first_sample_no_delta"": 1, ""warmup_excluded"": 946, ""pmu_degraded"": 125, ""intensity_undefined"": 1027, ""gpu_telemetry"": 1338}",1,/home/latorresn/hyperion-results/sweeps/gpu_interval_ns/gpu_interval_1000000/sweep_gpu_interval_1000000__rodinia_dwt2d__REF__rep01
rodinia_dwt2d,1281,3344,"{""first_sample_no_delta"": 1, ""warmup_excluded"": 967, ""pmu_degraded"": 103, ""intensity_undefined"": 992, ""gpu_telemetry"": 1281}",2,/home/latorresn/hyperion-results/sweeps/gpu_interval_ns/gpu_interval_1000000/sweep_gpu_interval_1000000__rodinia_dwt2d__REF__rep02
rodinia_dwt2d,1315,3401,"{""first_sample_no_delta"": 1, ""warmup_excluded"": 959, ""pmu_degraded"": 112, ""intensity_undefined"": 1014, ""gpu_telemetry"": 1315}",3,/home/latorresn/hyperion-results/sweeps/gpu_interval_ns/gpu_interval_1000000/sweep_gpu_interval_1000000__rodinia_dwt2d__REF__rep03
rodinia_heartwall,193,504,"{""first_sample_no_delta"": 1, ""warmup_excluded"": 277, ""pmu_degraded"": 16, ""intensity_undefined"": 17, ""gpu_telemetry"": 193}",1,/home/latorresn/hyperion-results/sweeps/gpu_interval_ns/gpu_interval_1000000/sweep_gpu_interval_1000000__rodinia_heartwall__REF__rep01
rodinia_heartwall,188,496,"{""first_sample_no_delta"": 1, ""warmup_excluded"": 278, ""pmu_degraded"": 15, ""intensity_undefined"": 14, ""gpu_telemetry"": 188}",2,/home/latorresn/hyperion-results/sweeps/gpu_interval_ns/gpu_interval_1000000/sweep_gpu_interval_1000000__rodinia_heartwall__REF__rep02
rodinia_heartwall,202,514,"{""first_sample_no_delta"": 1, ""warmup_excluded"": 278, ""pmu_degraded"": 15, ""intensity_undefined"": 18, ""gpu_telemetry"": 202}",3,/home/latorresn/hyperion-results/sweeps/gpu_interval_ns/gpu_interval_1000000/sweep_gpu_interval_1000000__rodinia_heartwall__REF__rep03
rodinia_hotspot,4446,11360,"{""first_sample_no_delta"": 1, ""warmup_excluded"": 2204, ""pmu_degraded"": 594, ""intensity_undefined"": 4115, ""gpu_telemetry"": 4446}",1,/home/latorresn/hyperion-results/sweeps/gpu_interval_ns/gpu_interval_1000000/sweep_gpu_interval_1000000__rodinia_hotspot__REF__rep01
rodinia_hotspot,4586,11498,"{""first_sample_no_delta"": 1, ""warmup_excluded"": 2205, ""pmu_degraded"": 588, ""intensity_undefined"": 4118, ""gpu_telemetry"": 4586}",2,/home/latorresn/hyperion-results/sweeps/gpu_interval_ns/gpu_interval_1000000/sweep_gpu_interval_1000000__rodinia_hotspot__REF__rep02
rodinia_hotspot,3483,10389,"{""first_sample_no_delta"": 1, ""warmup_excluded"": 2205, ""pmu_degraded"": 585, ""intensity_undefined"": 4115, ""gpu_telemetry"": 3483}",3,/home/latorresn/hyperion-results/sweeps/gpu_interval_ns/gpu_interval_1000000/sweep_gpu_interval_1000000__rodinia_hotspot__REF__rep03
rodinia_lavamd,3547,9071,"{""first_sample_no_delta"": 1, ""warmup_excluded"": 3748, ""pmu_degraded"": 1507, ""intensity_undefined"": 268, ""gpu_telemetry"": 3547}",1,/home/latorresn/hyperion-results/sweeps/gpu_interval_ns/gpu_interval_1000000/sweep_gpu_interval_1000000__rodinia_lavamd__REF__rep01
rodinia_lavamd,3004,8516,"{""first_sample_no_delta"": 1, ""warmup_excluded"": 3737, ""pmu_degraded"": 1505, ""intensity_undefined"": 269, ""gpu_telemetry"": 3004}",2,/home/latorresn/hyperion-results/sweeps/gpu_interval_ns/gpu_interval_1000000/sweep_gpu_interval_1000000__rodinia_lavamd__REF__rep02
rodinia_lavamd,3547,9072,"{""first_sample_no_delta"": 1, ""warmup_excluded"": 3749, ""pmu_degraded"": 1507, ""intensity_undefined"": 268, ""gpu_telemetry"": 3547}",3,/home/latorresn/hyperion-results/sweeps/gpu_interval_ns/gpu_interval_1000000/sweep_gpu_interval_1000000__rodinia_lavamd__REF__rep03
rodinia_lud,4671,13991,"{""first_sample_no_delta"": 1, ""warmup_excluded"": 976, ""pmu_degraded"": 24, ""intensity_undefined"": 8319, ""gpu_telemetry"": 4671}",1,/home/latorresn/hyperion-results/sweeps/gpu_interval_ns/gpu_interval_1000000/sweep_gpu_interval_1000000__rodinia_lud__REF__rep01
rodinia_lud,5678,14420,"{""first_sample_no_delta"": 1, ""warmup_excluded"": 976, ""pmu_degraded"": 24, ""intensity_undefined"": 7741, ""gpu_telemetry"": 5678}",2,/home/latorresn/hyperion-results/sweeps/gpu_interval_ns/gpu_interval_1000000/sweep_gpu_interval_1000000__rodinia_lud__REF__rep02
rodinia_lud,4332,12964,"{""first_sample_no_delta"": 1, ""warmup_excluded"": 976, ""pmu_degraded"": 24, ""intensity_undefined"": 7631, ""gpu_telemetry"": 4332}",3,/home/latorresn/hyperion-results/sweeps/gpu_interval_ns/gpu_interval_1000000/sweep_gpu_interval_1000000__rodinia_lud__REF__rep03
rodinia_myocyte,4078,10565,"{""first_sample_no_delta"": 1, ""warmup_excluded"": 956, ""pmu_degraded"": 2429, ""intensity_undefined"": 3101, ""gpu_telemetry"": 4078}",1,/home/latorresn/hyperion-results/sweeps/gpu_interval_ns/gpu_interval_1000000/sweep_gpu_interval_1000000__rodinia_myocyte__REF__rep01
rodinia_myocyte,3852,10320,"{""first_sample_no_delta"": 1, ""warmup_excluded"": 961, ""pmu_degraded"": 2418, ""intensity_undefined"": 3088, ""gpu_telemetry"": 3852}",2,/home/latorresn/hyperion-results/sweeps/gpu_interval_ns/gpu_interval_1000000/sweep_gpu_interval_1000000__rodinia_myocyte__REF__rep02
rodinia_myocyte,3416,9921,"{""first_sample_no_delta"": 1, ""warmup_excluded"": 958, ""pmu_degraded"": 2424, ""intensity_undefined"": 3122, ""gpu_telemetry"": 3416}",3,/home/latorresn/hyperion-results/sweeps/gpu_interval_ns/gpu_interval_1000000/sweep_gpu_interval_1000000__rodinia_myocyte__REF__rep03
gpu_dgemm_n4096,429,4924,"{""first_sample_no_delta"": 1, ""warmup_excluded"": 392, ""pmu_degraded"": 3886, ""intensity_undefined"": 80, ""ok"": 136, ""gpu_telemetry"": 429}",1,/home/latorresn/hyperion-results/sweeps/gpu_interval_ns/gpu_interval_10000000/sweep_gpu_interval_10000000__gpu_dgemm_n4096__REF__rep01
gpu_dgemm_n4096,425,4911,"{""first_sample_no_delta"": 1, ""warmup_excluded"": 387, ""pmu_degraded"": 3884, ""intensity_undefined"": 74, ""ok"": 140, ""gpu_telemetry"": 425}",2,/home/latorresn/hyperion-results/sweeps/gpu_interval_ns/gpu_interval_10000000/sweep_gpu_interval_10000000__gpu_dgemm_n4096__REF__rep02
gpu_dgemm_n4096,431,4975,"{""first_sample_no_delta"": 1, ""warmup_excluded"": 440, ""pmu_degraded"": 3885, ""intensity_undefined"": 72, ""ok"": 146, ""gpu_telemetry"": 431}",3,/home/latorresn/hyperion-results/sweeps/gpu_interval_ns/gpu_interval_10000000/sweep_gpu_interval_10000000__gpu_dgemm_n4096__REF__rep03
rodinia_backprop,80,919,"{""first_sample_no_delta"": 1, ""warmup_excluded"": 824, ""pmu_degraded"": 14, ""gpu_telemetry"": 80}",1,/home/latorresn/hyperion-results/sweeps/gpu_interval_ns/gpu_interval_10000000/sweep_gpu_interval_10000000__rodinia_backprop__REF__rep01
rodinia_backprop,82,944,"{""first_sample_no_delta"": 1, ""warmup_excluded"": 847, ""pmu_degraded"": 14, ""gpu_telemetry"": 82}",2,/home/latorresn/hyperion-results/sweeps/gpu_interval_ns/gpu_interval_10000000/sweep_gpu_interval_10000000__rodinia_backprop__REF__rep02
rodinia_backprop,79,912,"{""first_sample_no_delta"": 1, ""warmup_excluded"": 817, ""pmu_degraded"": 15, ""gpu_telemetry"": 79}",3,/home/latorresn/hyperion-results/sweeps/gpu_interval_ns/gpu_interval_10000000/sweep_gpu_interval_10000000__rodinia_backprop__REF__rep03
rodinia_dwt2d,197,2279,"{""first_sample_no_delta"": 1, ""warmup_excluded"": 957, ""pmu_degraded"": 114, ""intensity_undefined"": 1010, ""gpu_telemetry"": 197}",1,/home/latorresn/hyperion-results/sweeps/gpu_interval_ns/gpu_interval_10000000/sweep_gpu_interval_10000000__rodinia_dwt2d__REF__rep01
rodinia_dwt2d,198,2287,"{""first_sample_no_delta"": 1, ""warmup_excluded"": 934, ""pmu_degraded"": 137, ""intensity_undefined"": 1017, ""gpu_telemetry"": 198}",2,/home/latorresn/hyperion-results/sweeps/gpu_interval_ns/gpu_interval_10000000/sweep_gpu_interval_10000000__rodinia_dwt2d__REF__rep02
rodinia_dwt2d,200,2303,"{""first_sample_no_delta"": 1, ""warmup_excluded"": 955, ""pmu_degraded"": 116, ""intensity_undefined"": 1031, ""gpu_telemetry"": 200}",3,/home/latorresn/hyperion-results/sweeps/gpu_interval_ns/gpu_interval_10000000/sweep_gpu_interval_10000000__rodinia_dwt2d__REF__rep03
rodinia_heartwall,30,341,"{""first_sample_no_delta"": 1, ""warmup_excluded"": 278, ""pmu_degraded"": 15, ""intensity_undefined"": 17, ""gpu_telemetry"": 30}",1,/home/latorresn/hyperion-results/sweeps/gpu_interval_ns/gpu_interval_10000000/sweep_gpu_interval_10000000__rodinia_heartwall__REF__rep01
rodinia_heartwall,30,336,"{""first_sample_no_delta"": 1, ""warmup_excluded"": 278, ""pmu_degraded"": 15, ""intensity_undefined"": 12, ""gpu_telemetry"": 30}",2,/home/latorresn/hyperion-results/sweeps/gpu_interval_ns/gpu_interval_10000000/sweep_gpu_interval_10000000__rodinia_heartwall__REF__rep02
rodinia_heartwall,30,345,"{""first_sample_no_delta"": 1, ""warmup_excluded"": 278, ""pmu_degraded"": 15, ""intensity_undefined"": 21, ""gpu_telemetry"": 30}",3,/home/latorresn/hyperion-results/sweeps/gpu_interval_ns/gpu_interval_10000000/sweep_gpu_interval_10000000__rodinia_heartwall__REF__rep03
rodinia_hotspot,656,7639,"{""first_sample_no_delta"": 1, ""warmup_excluded"": 2205, ""pmu_degraded"": 593, ""intensity_undefined"": 4184, ""gpu_telemetry"": 656}",1,/home/latorresn/hyperion-results/sweeps/gpu_interval_ns/gpu_interval_10000000/sweep_gpu_interval_10000000__rodinia_hotspot__REF__rep01
rodinia_hotspot,655,7574,"{""first_sample_no_delta"": 1, ""warmup_excluded"": 2205, ""pmu_degraded"": 597, ""intensity_undefined"": 4116, ""gpu_telemetry"": 655}",2,/home/latorresn/hyperion-results/sweeps/gpu_interval_ns/gpu_interval_10000000/sweep_gpu_interval_10000000__rodinia_hotspot__REF__rep02
rodinia_hotspot,652,7564,"{""first_sample_no_delta"": 1, ""warmup_excluded"": 2205, ""pmu_degraded"": 594, ""intensity_undefined"": 4112, ""gpu_telemetry"": 652}",3,/home/latorresn/hyperion-results/sweeps/gpu_interval_ns/gpu_interval_10000000/sweep_gpu_interval_10000000__rodinia_hotspot__REF__rep03
rodinia_lavamd,525,6060,"{""first_sample_no_delta"": 1, ""warmup_excluded"": 3756, ""pmu_degraded"": 1507, ""intensity_undefined"": 271, ""gpu_telemetry"": 525}",1,/home/latorresn/hyperion-results/sweeps/gpu_interval_ns/gpu_interval_10000000/sweep_gpu_interval_10000000__rodinia_lavamd__REF__rep01
rodinia_lavamd,522,6042,"{""first_sample_no_delta"": 1, ""warmup_excluded"": 3745, ""pmu_degraded"": 1506, ""intensity_undefined"": 268, ""gpu_telemetry"": 522}",2,/home/latorresn/hyperion-results/sweeps/gpu_interval_ns/gpu_interval_10000000/sweep_gpu_interval_10000000__rodinia_lavamd__REF__rep02
rodinia_lavamd,522,6044,"{""first_sample_no_delta"": 1, ""warmup_excluded"": 3745, ""pmu_degraded"": 1505, ""intensity_undefined"": 271, ""gpu_telemetry"": 522}",3,/home/latorresn/hyperion-results/sweeps/gpu_interval_ns/gpu_interval_10000000/sweep_gpu_interval_10000000__rodinia_lavamd__REF__rep03
rodinia_lud,822,9496,"{""first_sample_no_delta"": 1, ""warmup_excluded"": 976, ""pmu_degraded"": 24, ""intensity_undefined"": 7673, ""gpu_telemetry"": 822}",1,/home/latorresn/hyperion-results/sweeps/gpu_interval_ns/gpu_interval_10000000/sweep_gpu_interval_10000000__rodinia_lud__REF__rep01
rodinia_lud,860,9892,"{""first_sample_no_delta"": 1, ""warmup_excluded"": 977, ""pmu_degraded"": 23, ""intensity_undefined"": 8031, ""gpu_telemetry"": 860}",2,/home/latorresn/hyperion-results/sweeps/gpu_interval_ns/gpu_interval_10000000/sweep_gpu_interval_10000000__rodinia_lud__REF__rep02
rodinia_lud,826,9549,"{""first_sample_no_delta"": 1, ""warmup_excluded"": 975, ""pmu_degraded"": 25, ""intensity_undefined"": 7722, ""gpu_telemetry"": 826}",3,/home/latorresn/hyperion-results/sweeps/gpu_interval_ns/gpu_interval_10000000/sweep_gpu_interval_10000000__rodinia_lud__REF__rep03
rodinia_myocyte,614,7098,"{""first_sample_no_delta"": 1, ""warmup_excluded"": 943, ""pmu_degraded"": 2417, ""intensity_undefined"": 3123, ""gpu_telemetry"": 614}",1,/home/latorresn/hyperion-results/sweeps/gpu_interval_ns/gpu_interval_10000000/sweep_gpu_interval_10000000__rodinia_myocyte__REF__rep01
rodinia_myocyte,612,7090,"{""first_sample_no_delta"": 1, ""warmup_excluded"": 942, ""pmu_degraded"": 2418, ""intensity_undefined"": 3117, ""gpu_telemetry"": 612}",2,/home/latorresn/hyperion-results/sweeps/gpu_interval_ns/gpu_interval_10000000/sweep_gpu_interval_10000000__rodinia_myocyte__REF__rep02
rodinia_myocyte,613,7095,"{""first_sample_no_delta"": 1, ""warmup_excluded"": 947, ""pmu_degraded"": 2434, ""intensity_undefined"": 3100, ""gpu_telemetry"": 613}",3,/home/latorresn/hyperion-results/sweeps/gpu_interval_ns/gpu_interval_10000000/sweep_gpu_interval_10000000__rodinia_myocyte__REF__rep03
gpu_dgemm_n4096,45,4533,"{""first_sample_no_delta"": 1, ""warmup_excluded"": 389, ""pmu_degraded"": 3885, ""ok"": 140, ""intensity_undefined"": 73, ""gpu_telemetry"": 45}",1,/home/latorresn/hyperion-results/sweeps/gpu_interval_ns/gpu_interval_100000000/sweep_gpu_interval_100000000__gpu_dgemm_n4096__REF__rep01
gpu_dgemm_n4096,45,4537,"{""first_sample_no_delta"": 1, ""warmup_excluded"": 393, ""pmu_degraded"": 3887, ""intensity_undefined"": 70, ""ok"": 141, ""gpu_telemetry"": 45}",2,/home/latorresn/hyperion-results/sweeps/gpu_interval_ns/gpu_interval_100000000/sweep_gpu_interval_100000000__gpu_dgemm_n4096__REF__rep02
gpu_dgemm_n4096,45,4535,"{""first_sample_no_delta"": 1, ""warmup_excluded"": 388, ""pmu_degraded"": 3888, ""intensity_undefined"": 72, ""ok"": 141, ""gpu_telemetry"": 45}",3,/home/latorresn/hyperion-results/sweeps/gpu_interval_ns/gpu_interval_100000000/sweep_gpu_interval_100000000__gpu_dgemm_n4096__REF__rep03
rodinia_backprop,9,848,"{""first_sample_no_delta"": 1, ""warmup_excluded"": 822, ""pmu_degraded"": 16, ""gpu_telemetry"": 9}",1,/home/latorresn/hyperion-results/sweeps/gpu_interval_ns/gpu_interval_100000000/sweep_gpu_interval_100000000__rodinia_backprop__REF__rep01
rodinia_backprop,9,852,"{""first_sample_no_delta"": 1, ""warmup_excluded"": 828, ""pmu_degraded"": 14, ""gpu_telemetry"": 9}",2,/home/latorresn/hyperion-results/sweeps/gpu_interval_ns/gpu_interval_100000000/sweep_gpu_interval_100000000__rodinia_backprop__REF__rep02
rodinia_backprop,9,852,"{""first_sample_no_delta"": 1, ""warmup_excluded"": 828, ""pmu_degraded"": 14, ""gpu_telemetry"": 9}",3,/home/latorresn/hyperion-results/sweeps/gpu_interval_ns/gpu_interval_100000000/sweep_gpu_interval_100000000__rodinia_backprop__REF__rep03
rodinia_dwt2d,22,2158,"{""first_sample_no_delta"": 1, ""warmup_excluded"": 947, ""pmu_degraded"": 125, ""intensity_undefined"": 1063, ""gpu_telemetry"": 22}",1,/home/latorresn/hyperion-results/sweeps/gpu_interval_ns/gpu_interval_100000000/sweep_gpu_interval_100000000__rodinia_dwt2d__REF__rep01
rodinia_dwt2d,22,2136,"{""first_sample_no_delta"": 1, ""warmup_excluded"": 944, ""pmu_degraded"": 137, ""intensity_undefined"": 1032, ""gpu_telemetry"": 22}",2,/home/latorresn/hyperion-results/sweeps/gpu_interval_ns/gpu_interval_100000000/sweep_gpu_interval_100000000__rodinia_dwt2d__REF__rep02
rodinia_dwt2d,21,2129,"{""first_sample_no_delta"": 1, ""warmup_excluded"": 950, ""pmu_degraded"": 121, ""intensity_undefined"": 1036, ""gpu_telemetry"": 21}",3,/home/latorresn/hyperion-results/sweeps/gpu_interval_ns/gpu_interval_100000000/sweep_gpu_interval_100000000__rodinia_dwt2d__REF__rep03
rodinia_heartwall,4,317,"{""first_sample_no_delta"": 1, ""warmup_excluded"": 277, ""pmu_degraded"": 16, ""intensity_undefined"": 19, ""gpu_telemetry"": 4}",1,/home/latorresn/hyperion-results/sweeps/gpu_interval_ns/gpu_interval_100000000/sweep_gpu_interval_100000000__rodinia_heartwall__REF__rep01
rodinia_heartwall,4,317,"{""first_sample_no_delta"": 1, ""warmup_excluded"": 278, ""pmu_degraded"": 15, ""intensity_undefined"": 19, ""gpu_telemetry"": 4}",2,/home/latorresn/hyperion-results/sweeps/gpu_interval_ns/gpu_interval_100000000/sweep_gpu_interval_100000000__rodinia_heartwall__REF__rep02
rodinia_heartwall,4,314,"{""first_sample_no_delta"": 1, ""warmup_excluded"": 278, ""pmu_degraded"": 15, ""intensity_undefined"": 16, ""gpu_telemetry"": 4}",3,/home/latorresn/hyperion-results/sweeps/gpu_interval_ns/gpu_interval_100000000/sweep_gpu_interval_100000000__rodinia_heartwall__REF__rep03
rodinia_hotspot,69,6987,"{""first_sample_no_delta"": 1, ""warmup_excluded"": 2204, ""pmu_degraded"": 597, ""intensity_undefined"": 4116, ""gpu_telemetry"": 69}",1,/home/latorresn/hyperion-results/sweeps/gpu_interval_ns/gpu_interval_100000000/sweep_gpu_interval_100000000__rodinia_hotspot__REF__rep01
rodinia_hotspot,69,6983,"{""first_sample_no_delta"": 1, ""warmup_excluded"": 2204, ""pmu_degraded"": 593, ""intensity_undefined"": 4116, ""gpu_telemetry"": 69}",2,/home/latorresn/hyperion-results/sweeps/gpu_interval_ns/gpu_interval_100000000/sweep_gpu_interval_100000000__rodinia_hotspot__REF__rep02
rodinia_hotspot,69,6991,"{""first_sample_no_delta"": 1, ""warmup_excluded"": 2204, ""pmu_degraded"": 595, ""intensity_undefined"": 4122, ""gpu_telemetry"": 69}",3,/home/latorresn/hyperion-results/sweeps/gpu_interval_ns/gpu_interval_100000000/sweep_gpu_interval_100000000__rodinia_hotspot__REF__rep03
rodinia_lavamd,55,5573,"{""first_sample_no_delta"": 1, ""warmup_excluded"": 3743, ""pmu_degraded"": 1506, ""intensity_undefined"": 268, ""gpu_telemetry"": 55}",1,/home/latorresn/hyperion-results/sweeps/gpu_interval_ns/gpu_interval_100000000/sweep_gpu_interval_100000000__rodinia_lavamd__REF__rep01
rodinia_lavamd,55,5578,"{""first_sample_no_delta"": 1, ""warmup_excluded"": 3746, ""pmu_degraded"": 1506, ""intensity_undefined"": 270, ""gpu_telemetry"": 55}",2,/home/latorresn/hyperion-results/sweeps/gpu_interval_ns/gpu_interval_100000000/sweep_gpu_interval_100000000__rodinia_lavamd__REF__rep02
rodinia_lavamd,55,5580,"{""first_sample_no_delta"": 1, ""warmup_excluded"": 3748, ""pmu_degraded"": 1507, ""intensity_undefined"": 269, ""gpu_telemetry"": 55}",3,/home/latorresn/hyperion-results/sweeps/gpu_interval_ns/gpu_interval_100000000/sweep_gpu_interval_100000000__rodinia_lavamd__REF__rep03
rodinia_lud,89,9047,"{""first_sample_no_delta"": 1, ""warmup_excluded"": 975, ""pmu_degraded"": 25, ""intensity_undefined"": 7957, ""gpu_telemetry"": 89}",1,/home/latorresn/hyperion-results/sweeps/gpu_interval_ns/gpu_interval_100000000/sweep_gpu_interval_100000000__rodinia_lud__REF__rep01
rodinia_lud,86,8664,"{""first_sample_no_delta"": 1, ""warmup_excluded"": 974, ""pmu_degraded"": 26, ""intensity_undefined"": 7577, ""gpu_telemetry"": 86}",2,/home/latorresn/hyperion-results/sweeps/gpu_interval_ns/gpu_interval_100000000/sweep_gpu_interval_100000000__rodinia_lud__REF__rep02
rodinia_lud,89,9030,"{""first_sample_no_delta"": 1, ""warmup_excluded"": 976, ""pmu_degraded"": 24, ""intensity_undefined"": 7940, ""gpu_telemetry"": 89}",3,/home/latorresn/hyperion-results/sweeps/gpu_interval_ns/gpu_interval_100000000/sweep_gpu_interval_100000000__rodinia_lud__REF__rep03
rodinia_myocyte,65,6587,"{""first_sample_no_delta"": 1, ""warmup_excluded"": 954, ""pmu_degraded"": 2442, ""intensity_undefined"": 3125, ""gpu_telemetry"": 65}",1,/home/latorresn/hyperion-results/sweeps/gpu_interval_ns/gpu_interval_100000000/sweep_gpu_interval_100000000__rodinia_myocyte__REF__rep01
rodinia_myocyte,65,6582,"{""first_sample_no_delta"": 1, ""warmup_excluded"": 946, ""pmu_degraded"": 2466, ""intensity_undefined"": 3104, ""gpu_telemetry"": 65}",2,/home/latorresn/hyperion-results/sweeps/gpu_interval_ns/gpu_interval_100000000/sweep_gpu_interval_100000000__rodinia_myocyte__REF__rep02
rodinia_myocyte,65,6538,"{""first_sample_no_delta"": 1, ""warmup_excluded"": 958, ""pmu_degraded"": 2425, ""intensity_undefined"": 3089, ""gpu_telemetry"": 65}",3,/home/latorresn/hyperion-results/sweeps/gpu_interval_ns/gpu_interval_100000000/sweep_gpu_interval_100000000__rodinia_myocyte__REF__rep03
gpu_dgemm_n4096,808,5301,"{""first_sample_no_delta"": 1, ""warmup_excluded"": 393, ""pmu_degraded"": 3885, ""intensity_undefined"": 77, ""ok"": 137, ""gpu_telemetry"": 808}",1,/home/latorresn/hyperion-results/sweeps/gpu_interval_ns/gpu_interval_5000000/sweep_gpu_interval_5000000__gpu_dgemm_n4096__REF__rep01
gpu_dgemm_n4096,806,5297,"{""first_sample_no_delta"": 1, ""warmup_excluded"": 392, ""pmu_degraded"": 3885, ""intensity_undefined"": 75, ""ok"": 138, ""gpu_telemetry"": 806}",2,/home/latorresn/hyperion-results/sweeps/gpu_interval_ns/gpu_interval_5000000/sweep_gpu_interval_5000000__gpu_dgemm_n4096__REF__rep02
gpu_dgemm_n4096,812,5303,"{""first_sample_no_delta"": 1, ""warmup_excluded"": 395, ""pmu_degraded"": 3886, ""intensity_undefined"": 71, ""ok"": 138, ""gpu_telemetry"": 812}",3,/home/latorresn/hyperion-results/sweeps/gpu_interval_ns/gpu_interval_5000000/sweep_gpu_interval_5000000__gpu_dgemm_n4096__REF__rep03
rodinia_backprop,151,996,"{""first_sample_no_delta"": 1, ""warmup_excluded"": 829, ""pmu_degraded"": 15, ""gpu_telemetry"": 151}",1,/home/latorresn/hyperion-results/sweeps/gpu_interval_ns/gpu_interval_5000000/sweep_gpu_interval_5000000__rodinia_backprop__REF__rep01
rodinia_backprop,149,980,"{""first_sample_no_delta"": 1, ""warmup_excluded"": 815, ""pmu_degraded"": 15, ""gpu_telemetry"": 149}",2,/home/latorresn/hyperion-results/sweeps/gpu_interval_ns/gpu_interval_5000000/sweep_gpu_interval_5000000__rodinia_backprop__REF__rep02
rodinia_backprop,151,990,"{""first_sample_no_delta"": 1, ""warmup_excluded"": 823, ""pmu_degraded"": 15, ""gpu_telemetry"": 151}",3,/home/latorresn/hyperion-results/sweeps/gpu_interval_ns/gpu_interval_5000000/sweep_gpu_interval_5000000__rodinia_backprop__REF__rep03
rodinia_dwt2d,375,2460,"{""first_sample_no_delta"": 1, ""warmup_excluded"": 966, ""pmu_degraded"": 104, ""intensity_undefined"": 1014, ""gpu_telemetry"": 375}",1,/home/latorresn/hyperion-results/sweeps/gpu_interval_ns/gpu_interval_5000000/sweep_gpu_interval_5000000__rodinia_dwt2d__REF__rep01
rodinia_dwt2d,375,2471,"{""first_sample_no_delta"": 1, ""warmup_excluded"": 947, ""pmu_degraded"": 123, ""intensity_undefined"": 1025, ""gpu_telemetry"": 375}",2,/home/latorresn/hyperion-results/sweeps/gpu_interval_ns/gpu_interval_5000000/sweep_gpu_interval_5000000__rodinia_dwt2d__REF__rep02
rodinia_dwt2d,378,2486,"{""first_sample_no_delta"": 1, ""warmup_excluded"": 946, ""pmu_degraded"": 123, ""intensity_undefined"": 1038, ""gpu_telemetry"": 378}",3,/home/latorresn/hyperion-results/sweeps/gpu_interval_ns/gpu_interval_5000000/sweep_gpu_interval_5000000__rodinia_dwt2d__REF__rep03
rodinia_heartwall,55,365,"{""first_sample_no_delta"": 1, ""warmup_excluded"": 278, ""pmu_degraded"": 15, ""intensity_undefined"": 16, ""gpu_telemetry"": 55}",1,/home/latorresn/hyperion-results/sweeps/gpu_interval_ns/gpu_interval_5000000/sweep_gpu_interval_5000000__rodinia_heartwall__REF__rep01
rodinia_heartwall,56,366,"{""first_sample_no_delta"": 1, ""warmup_excluded"": 278, ""pmu_degraded"": 15, ""intensity_undefined"": 16, ""gpu_telemetry"": 56}",2,/home/latorresn/hyperion-results/sweeps/gpu_interval_ns/gpu_interval_5000000/sweep_gpu_interval_5000000__rodinia_heartwall__REF__rep02
rodinia_heartwall,56,366,"{""first_sample_no_delta"": 1, ""warmup_excluded"": 279, ""pmu_degraded"": 14, ""intensity_undefined"": 16, ""gpu_telemetry"": 56}",3,/home/latorresn/hyperion-results/sweeps/gpu_interval_ns/gpu_interval_5000000/sweep_gpu_interval_5000000__rodinia_heartwall__REF__rep03
rodinia_hotspot,1254,8230,"{""first_sample_no_delta"": 1, ""warmup_excluded"": 2204, ""pmu_degraded"": 586, ""intensity_undefined"": 4185, ""gpu_telemetry"": 1254}",1,/home/latorresn/hyperion-results/sweeps/gpu_interval_ns/gpu_interval_5000000/sweep_gpu_interval_5000000__rodinia_hotspot__REF__rep01
rodinia_hotspot,1245,8156,"{""first_sample_no_delta"": 1, ""warmup_excluded"": 2203, ""pmu_degraded"": 591, ""intensity_undefined"": 4116, ""gpu_telemetry"": 1245}",2,/home/latorresn/hyperion-results/sweeps/gpu_interval_ns/gpu_interval_5000000/sweep_gpu_interval_5000000__rodinia_hotspot__REF__rep02
rodinia_hotspot,1239,8154,"{""first_sample_no_delta"": 1, ""warmup_excluded"": 2203, ""pmu_degraded"": 587, ""intensity_undefined"": 4124, ""gpu_telemetry"": 1239}",3,/home/latorresn/hyperion-results/sweeps/gpu_interval_ns/gpu_interval_5000000/sweep_gpu_interval_5000000__rodinia_hotspot__REF__rep03
rodinia_lavamd,993,6526,"{""first_sample_no_delta"": 1, ""warmup_excluded"": 3751, ""pmu_degraded"": 1506, ""intensity_undefined"": 275, ""gpu_telemetry"": 993}",1,/home/latorresn/hyperion-results/sweeps/gpu_interval_ns/gpu_interval_5000000/sweep_gpu_interval_5000000__rodinia_lavamd__REF__rep01
rodinia_lavamd,997,6534,"{""first_sample_no_delta"": 1, ""warmup_excluded"": 3757, ""pmu_degraded"": 1507, ""intensity_undefined"": 272, ""gpu_telemetry"": 997}",2,/home/latorresn/hyperion-results/sweeps/gpu_interval_ns/gpu_interval_5000000/sweep_gpu_interval_5000000__rodinia_lavamd__REF__rep02
rodinia_lavamd,987,6499,"{""first_sample_no_delta"": 1, ""warmup_excluded"": 3736, ""pmu_degraded"": 1506, ""intensity_undefined"": 269, ""gpu_telemetry"": 987}",3,/home/latorresn/hyperion-results/sweeps/gpu_interval_ns/gpu_interval_5000000/sweep_gpu_interval_5000000__rodinia_lavamd__REF__rep03
rodinia_lud,1551,10230,"{""first_sample_no_delta"": 1, ""warmup_excluded"": 976, ""pmu_degraded"": 24, ""intensity_undefined"": 7678, ""gpu_telemetry"": 1551}",1,/home/latorresn/hyperion-results/sweeps/gpu_interval_ns/gpu_interval_5000000/sweep_gpu_interval_5000000__rodinia_lud__REF__rep01
rodinia_lud,1502,10478,"{""first_sample_no_delta"": 1, ""warmup_excluded"": 975, ""pmu_degraded"": 25, ""intensity_undefined"": 7975, ""gpu_telemetry"": 1502}",2,/home/latorresn/hyperion-results/sweeps/gpu_interval_ns/gpu_interval_5000000/sweep_gpu_interval_5000000__rodinia_lud__REF__rep02
rodinia_lud,1457,10133,"{""first_sample_no_delta"": 1, ""warmup_excluded"": 976, ""pmu_degraded"": 24, ""intensity_undefined"": 7675, ""gpu_telemetry"": 1457}",3,/home/latorresn/hyperion-results/sweeps/gpu_interval_ns/gpu_interval_5000000/sweep_gpu_interval_5000000__rodinia_lud__REF__rep03
rodinia_myocyte,1167,7666,"{""first_sample_no_delta"": 1, ""warmup_excluded"": 949, ""pmu_degraded"": 2446, ""intensity_undefined"": 3103, ""gpu_telemetry"": 1167}",1,/home/latorresn/hyperion-results/sweeps/gpu_interval_ns/gpu_interval_5000000/sweep_gpu_interval_5000000__rodinia_myocyte__REF__rep01
rodinia_myocyte,1167,7672,"{""first_sample_no_delta"": 1, ""warmup_excluded"": 957, ""pmu_degraded"": 2424, ""intensity_undefined"": 3123, ""gpu_telemetry"": 1167}",2,/home/latorresn/hyperion-results/sweeps/gpu_interval_ns/gpu_interval_5000000/sweep_gpu_interval_5000000__rodinia_myocyte__REF__rep02
rodinia_myocyte,1163,7653,"{""first_sample_no_delta"": 1, ""warmup_excluded"": 948, ""pmu_degraded"": 2451, ""intensity_undefined"": 3090, ""gpu_telemetry"": 1163}",3,/home/latorresn/hyperion-results/sweeps/gpu_interval_ns/gpu_interval_5000000/sweep_gpu_interval_5000000__rodinia_myocyte__REF__rep03
gpu_dgemm_n4096,89,4587,"{""first_sample_no_delta"": 1, ""warmup_excluded"": 397, ""pmu_degraded"": 3886, ""intensity_undefined"": 72, ""ok"": 142, ""gpu_telemetry"": 89}",1,/home/latorresn/hyperion-results/sweeps/gpu_interval_ns/gpu_interval_50000000/sweep_gpu_interval_50000000__gpu_dgemm_n4096__REF__rep01
gpu_dgemm_n4096,89,4576,"{""first_sample_no_delta"": 1, ""warmup_excluded"": 388, ""pmu_degraded"": 3884, ""intensity_undefined"": 77, ""ok"": 137, ""gpu_telemetry"": 89}",2,/home/latorresn/hyperion-results/sweeps/gpu_interval_ns/gpu_interval_50000000/sweep_gpu_interval_50000000__gpu_dgemm_n4096__REF__rep02
gpu_dgemm_n4096,89,4581,"{""first_sample_no_delta"": 1, ""warmup_excluded"": 392, ""pmu_degraded"": 3886, ""ok"": 142, ""intensity_undefined"": 71, ""gpu_telemetry"": 89}",3,/home/latorresn/hyperion-results/sweeps/gpu_interval_ns/gpu_interval_50000000/sweep_gpu_interval_50000000__gpu_dgemm_n4096__REF__rep03
rodinia_backprop,17,849,"{""first_sample_no_delta"": 1, ""warmup_excluded"": 816, ""pmu_degraded"": 15, ""gpu_telemetry"": 17}",1,/home/latorresn/hyperion-results/sweeps/gpu_interval_ns/gpu_interval_50000000/sweep_gpu_interval_50000000__rodinia_backprop__REF__rep01
rodinia_backprop,17,848,"{""first_sample_no_delta"": 1, ""warmup_excluded"": 816, ""pmu_degraded"": 14, ""gpu_telemetry"": 17}",2,/home/latorresn/hyperion-results/sweeps/gpu_interval_ns/gpu_interval_50000000/sweep_gpu_interval_50000000__rodinia_backprop__REF__rep02
rodinia_backprop,17,846,"{""first_sample_no_delta"": 1, ""warmup_excluded"": 813, ""pmu_degraded"": 15, ""gpu_telemetry"": 17}",3,/home/latorresn/hyperion-results/sweeps/gpu_interval_ns/gpu_interval_50000000/sweep_gpu_interval_50000000__rodinia_backprop__REF__rep03
rodinia_dwt2d,42,2150,"{""first_sample_no_delta"": 1, ""warmup_excluded"": 948, ""pmu_degraded"": 122, ""intensity_undefined"": 1037, ""gpu_telemetry"": 42}",1,/home/latorresn/hyperion-results/sweeps/gpu_interval_ns/gpu_interval_50000000/sweep_gpu_interval_50000000__rodinia_dwt2d__REF__rep01
rodinia_dwt2d,43,2182,"{""first_sample_no_delta"": 1, ""warmup_excluded"": 948, ""pmu_degraded"": 133, ""intensity_undefined"": 1057, ""gpu_telemetry"": 43}",2,/home/latorresn/hyperion-results/sweeps/gpu_interval_ns/gpu_interval_50000000/sweep_gpu_interval_50000000__rodinia_dwt2d__REF__rep02
rodinia_dwt2d,42,2132,"{""first_sample_no_delta"": 1, ""warmup_excluded"": 950, ""pmu_degraded"": 119, ""intensity_undefined"": 1020, ""gpu_telemetry"": 42}",3,/home/latorresn/hyperion-results/sweeps/gpu_interval_ns/gpu_interval_50000000/sweep_gpu_interval_50000000__rodinia_dwt2d__REF__rep03
rodinia_heartwall,7,321,"{""first_sample_no_delta"": 1, ""warmup_excluded"": 278, ""pmu_degraded"": 15, ""intensity_undefined"": 20, ""gpu_telemetry"": 7}",1,/home/latorresn/hyperion-results/sweeps/gpu_interval_ns/gpu_interval_50000000/sweep_gpu_interval_50000000__rodinia_heartwall__REF__rep01
rodinia_heartwall,7,317,"{""first_sample_no_delta"": 1, ""warmup_excluded"": 278, ""pmu_degraded"": 15, ""intensity_undefined"": 16, ""gpu_telemetry"": 7}",2,/home/latorresn/hyperion-results/sweeps/gpu_interval_ns/gpu_interval_50000000/sweep_gpu_interval_50000000__rodinia_heartwall__REF__rep02
rodinia_heartwall,7,314,"{""first_sample_no_delta"": 1, ""warmup_excluded"": 279, ""pmu_degraded"": 14, ""intensity_undefined"": 13, ""gpu_telemetry"": 7}",3,/home/latorresn/hyperion-results/sweeps/gpu_interval_ns/gpu_interval_50000000/sweep_gpu_interval_50000000__rodinia_heartwall__REF__rep03
rodinia_hotspot,138,7101,"{""first_sample_no_delta"": 1, ""warmup_excluded"": 2204, ""pmu_degraded"": 590, ""intensity_undefined"": 4168, ""gpu_telemetry"": 138}",1,/home/latorresn/hyperion-results/sweeps/gpu_interval_ns/gpu_interval_50000000/sweep_gpu_interval_50000000__rodinia_hotspot__REF__rep01
rodinia_hotspot,137,7046,"{""first_sample_no_delta"": 1, ""warmup_excluded"": 2204, ""pmu_degraded"": 590, ""intensity_undefined"": 4114, ""gpu_telemetry"": 137}",2,/home/latorresn/hyperion-results/sweeps/gpu_interval_ns/gpu_interval_50000000/sweep_gpu_interval_50000000__rodinia_hotspot__REF__rep02
rodinia_hotspot,137,7044,"{""first_sample_no_delta"": 1, ""warmup_excluded"": 2205, ""pmu_degraded"": 592, ""intensity_undefined"": 4109, ""gpu_telemetry"": 137}",3,/home/latorresn/hyperion-results/sweeps/gpu_interval_ns/gpu_interval_50000000/sweep_gpu_interval_50000000__rodinia_hotspot__REF__rep03
rodinia_lavamd,110,5635,"{""first_sample_no_delta"": 1, ""warmup_excluded"": 3742, ""pmu_degraded"": 1506, ""intensity_undefined"": 276, ""gpu_telemetry"": 110}",1,/home/latorresn/hyperion-results/sweeps/gpu_interval_ns/gpu_interval_50000000/sweep_gpu_interval_50000000__rodinia_lavamd__REF__rep01
rodinia_lavamd,110,5632,"{""first_sample_no_delta"": 1, ""warmup_excluded"": 3748, ""pmu_degraded"": 1506, ""intensity_undefined"": 267, ""gpu_telemetry"": 110}",2,/home/latorresn/hyperion-results/sweeps/gpu_interval_ns/gpu_interval_50000000/sweep_gpu_interval_50000000__rodinia_lavamd__REF__rep02
rodinia_lavamd,110,5628,"{""first_sample_no_delta"": 1, ""warmup_excluded"": 3742, ""pmu_degraded"": 1508, ""intensity_undefined"": 267, ""gpu_telemetry"": 110}",3,/home/latorresn/hyperion-results/sweeps/gpu_interval_ns/gpu_interval_50000000/sweep_gpu_interval_50000000__rodinia_lavamd__REF__rep03
rodinia_lud,172,8862,"{""first_sample_no_delta"": 1, ""warmup_excluded"": 976, ""pmu_degraded"": 24, ""intensity_undefined"": 7689, ""gpu_telemetry"": 172}",1,/home/latorresn/hyperion-results/sweeps/gpu_interval_ns/gpu_interval_50000000/sweep_gpu_interval_50000000__rodinia_lud__REF__rep01
rodinia_lud,172,8860,"{""first_sample_no_delta"": 1, ""warmup_excluded"": 976, ""pmu_degraded"": 24, ""intensity_undefined"": 7687, ""gpu_telemetry"": 172}",2,/home/latorresn/hyperion-results/sweeps/gpu_interval_ns/gpu_interval_50000000/sweep_gpu_interval_50000000__rodinia_lud__REF__rep02
rodinia_lud,177,9118,"{""first_sample_no_delta"": 1, ""warmup_excluded"": 974, ""pmu_degraded"": 26, ""intensity_undefined"": 7940, ""gpu_telemetry"": 177}",3,/home/latorresn/hyperion-results/sweeps/gpu_interval_ns/gpu_interval_50000000/sweep_gpu_interval_50000000__rodinia_lud__REF__rep03
rodinia_myocyte,128,6598,"{""first_sample_no_delta"": 1, ""warmup_excluded"": 958, ""pmu_degraded"": 2409, ""intensity_undefined"": 3102, ""gpu_telemetry"": 128}",1,/home/latorresn/hyperion-results/sweeps/gpu_interval_ns/gpu_interval_50000000/sweep_gpu_interval_50000000__rodinia_myocyte__REF__rep01
rodinia_myocyte,130,6673,"{""first_sample_no_delta"": 1, ""warmup_excluded"": 959, ""pmu_degraded"": 2433, ""intensity_undefined"": 3150, ""gpu_telemetry"": 130}",2,/home/latorresn/hyperion-results/sweeps/gpu_interval_ns/gpu_interval_50000000/sweep_gpu_interval_50000000__rodinia_myocyte__REF__rep02
rodinia_myocyte,129,6637,"{""first_sample_no_delta"": 1, ""warmup_excluded"": 951, ""pmu_degraded"": 2438, ""intensity_undefined"": 3118, ""gpu_telemetry"": 129}",3,/home/latorresn/hyperion-results/sweeps/gpu_interval_ns/gpu_interval_50000000/sweep_gpu_interval_50000000__rodinia_myocyte__REF__rep03
