fold,regime,resource_state,k,selected_baseline,selected_baseline_edp_sum_ratio_vs_oracle,selected_model,selected_model_edp_sum_ratio_vs_oracle,n,oracle_edp_sum_js,selected_baseline_edp_sum_js,selected_model_edp_sum_js,model_improvement_pct,model_beats_baseline_above_noise_floor,adopted_policy
extrapolation_top1,extrapolation,cpu_ready,1,always_cpu_ref,1.0,model_regression:random_forest+probe,1.0,6,36.38795149086501,36.38795149086501,36.38795149086501,0.0,False,baseline
extrapolation_top1,extrapolation,cpu_ready,2,always_cpu_ref,1.0602062165177653,model_regression:random_forest+probe,1.0602062165177653,6,137.286316280547,145.55180596346003,145.55180596346003,0.0,False,baseline
extrapolation_top1,extrapolation,cpu_ready,3,intensity_threshold_train,1.171817144495761,model_regression:random_forest+probe,1.607088603933028,6,203.77940744294685,238.7922033368322,327.4915634177852,-37.14499838834211,False,baseline
extrapolation_top1,extrapolation,cpu_ready,5,intensity_threshold_train,1.0,model_regression:random_forest+probe,2.816168050162741,6,323.0271670822541,323.0271670822541,909.6987872716254,-181.6168050162741,False,baseline
extrapolation_top1,extrapolation,cpu_ready,10,intensity_threshold_train,1.0,model_regression:random_forest+probe,6.04542857185179,6,601.9085505416688,601.9085505416688,3638.7951490865016,-504.542857185179,False,baseline
extrapolation_top1,extrapolation,cpu_ready,30,intensity_threshold_train,1.0,model_regression:random_forest+probe,1.0,6,2693.062285748755,2693.062285748755,2693.062285748755,0.0,False,baseline
extrapolation_top1,extrapolation,cpu_ready,100,intensity_threshold_train,1.0,model_regression:random_forest+probe,1.0,6,22305.01569622834,22305.01569622834,22305.01569622834,0.0,False,baseline
extrapolation_top1,extrapolation,cpu_ready,1000,intensity_threshold_train,1.0,model_regression:random_forest+probe,1.0,6,1977905.541993414,1977905.541993414,1977905.541993414,0.0,False,baseline
extrapolation_top1,extrapolation,gpu_ready,1,intensity_threshold_train,1.0,model_regression:random_forest+probe,1.017266755700173,6,2.525139071390845,2.5251390713908446,2.568740030845513,-1.7266755700173109,False,baseline
extrapolation_top1,extrapolation,gpu_ready,2,intensity_threshold_train,1.0,model_regression:random_forest+probe,1.033508804607208,6,8.753534204407382,8.753534204407382,9.04685467168538,-3.3508804607208065,False,baseline
extrapolation_top1,extrapolation,gpu_ready,3,intensity_threshold_train,1.0,model_regression:random_forest+probe,1.039100149579499,6,18.884442142901623,18.884442142901623,19.62282665541447,-3.910014957949892,False,baseline
extrapolation_top1,extrapolation,gpu_ready,5,intensity_threshold_train,1.0,model_regression:random_forest+probe,1.0435473134830755,6,50.85379643632325,50.85379643632324,53.06834265154033,-4.35473134830755,False,baseline
extrapolation_top1,extrapolation,gpu_ready,10,intensity_threshold_train,1.0,model_regression:random_forest+probe,1.0468349109513055,6,199.07115626573716,199.0711562657372,208.3946361424164,-4.683491095130554,False,baseline
extrapolation_top1,extrapolation,gpu_ready,30,intensity_threshold_train,1.0,model_regression:random_forest+probe,1.0489912183473096,6,1767.5687969528199,1767.56879695282,1854.1641458282268,-4.899121834730957,False,baseline
extrapolation_top1,extrapolation,gpu_ready,100,intensity_threshold_train,1.0,model_regression:random_forest+probe,1.049737644432051,6,19550.22587661239,19550.22587661239,20522.608059829618,-4.973764443205098,False,baseline
extrapolation_top1,extrapolation,gpu_ready,1000,intensity_threshold_train,1.0,model_regression:random_forest+probe,1.0500242869845262,6,1951631.2279203979,1951631.2279203977,2049260.188553851,-5.002428698452621,False,baseline
extrapolation_top1,extrapolation,none_ready,1,always_cpu_ref,1.0,model_regression:random_forest+probe,1.0,6,40.27724387506998,40.27724387506998,40.27724387506998,0.0,False,baseline
extrapolation_top1,extrapolation,none_ready,2,always_cpu_ref,1.083777599362385,model_regression:random_forest+probe,1.083777599362385,6,141.18863193242552,153.0170765729835,153.0170765729835,0.0,False,baseline
extrapolation_top1,extrapolation,none_ready,3,intensity_threshold_train,1.149162584595045,model_regression:random_forest+probe,1.6201765575393914,6,208.9480993150318,240.1153378550841,338.5328122526271,-40.987583415825156,False,baseline
extrapolation_top1,extrapolation,none_ready,5,intensity_threshold_train,1.0,model_regression:random_forest+probe,2.854177997816016,6,325.099553450106,325.09955345010604,927.8919925571043,-185.4177997816016,False,baseline
extrapolation_top1,extrapolation,none_ready,10,intensity_threshold_train,1.0,model_regression:random_forest+probe,6.065599702127692,6,605.8540665335205,605.8540665335205,3674.868245498573,-506.55997021276914,False,baseline
extrapolation_top1,extrapolation,none_ready,30,intensity_threshold_train,1.0,model_regression:random_forest+probe,1.0,6,2704.5003202366056,2704.5003202366056,2704.5003202366056,0.0,False,baseline
extrapolation_top1,extrapolation,none_ready,100,intensity_threshold_train,1.0,model_regression:random_forest+probe,1.0,6,22342.677545452185,22342.677545452185,22342.677545452185,0.0,False,baseline
extrapolation_top1,extrapolation,none_ready,1000,intensity_threshold_train,1.0,model_regression:random_forest+probe,1.0,6,1978280.3671749576,1978280.3671749576,1978280.3671749576,0.0,False,baseline
extrapolation_top2,extrapolation,cpu_ready,1,always_cpu_ref,1.0,model_regression:random_forest+probe,1.0,12,44.65234384429675,44.65234384429675,44.65234384429675,0.0,False,baseline
extrapolation_top2,extrapolation,cpu_ready,2,always_cpu_ref,1.0485223737219873,model_regression:random_forest+probe,1.0485223737219873,12,170.34388569427395,178.609375377187,178.609375377187,0.0,False,baseline
extrapolation_top2,extrapolation,cpu_ready,3,intensity_threshold_train,1.6134882554641985,model_regression:random_forest+probe,1.4447534801034745,12,278.1589386238325,448.8061806219406,401.8710945986708,10.457762849484098,True,model
extrapolation_top2,extrapolation,cpu_ready,5,intensity_threshold_train,1.133207603979171,model_regression:random_forest+probe,2.21448878793425,12,504.09313525978575,571.24217399009,1116.308596107419,-95.41774871243749,False,baseline
extrapolation_top2,extrapolation,cpu_ready,10,intensity_threshold_train,1.0,model_regression:random_forest+probe,4.642376669228685,12,961.8423283114506,961.8423283114504,4465.234384429676,-364.2376669228685,False,baseline
extrapolation_top2,extrapolation,cpu_ready,30,intensity_threshold_train,1.0,model_regression:random_forest+probe,1.0,12,3731.531101325273,3731.531101325273,3731.531101325273,0.0,False,baseline
extrapolation_top2,extrapolation,cpu_ready,100,intensity_threshold_train,1.0,model_regression:random_forest+probe,1.0,12,28637.27256905126,28637.27256905126,28637.27256905126,0.0,False,baseline
extrapolation_top2,extrapolation,cpu_ready,1000,intensity_threshold_train,1.0,model_regression:random_forest+probe,1.0,12,2456779.0684844246,2456779.0684844246,2456779.0684844246,0.0,False,baseline
extrapolation_top2,extrapolation,gpu_ready,1,intensity_threshold_train,1.0040179584807802,model_regression:random_forest+probe,6.604513684851582,12,3.201958522775738,3.2148238591774314,21.14737888199952,-557.8083219592144,False,baseline
extrapolation_top2,extrapolation,gpu_ready,2,intensity_threshold_train,1.0,model_regression:random_forest+probe,7.731239623641513,12,10.968122991351583,10.968122991351583,84.79718706771084,-673.1239623641513,False,baseline
extrapolation_top2,extrapolation,gpu_ready,3,intensity_threshold_train,1.0,model_regression:random_forest+probe,8.11086086536335,12,23.550574746439246,23.550574746439253,191.01543506770847,-711.086086536335,False,baseline
extrapolation_top2,extrapolation,gpu_ready,5,intensity_threshold_train,1.0,model_regression:random_forest+probe,8.403996444992345,12,63.20293612535518,63.20293612535518,531.1572505105631,-740.3996444992345,False,baseline
extrapolation_top2,extrapolation,gpu_ready,10,intensity_threshold_train,1.0,model_regression:random_forest+probe,1.048898454444778,12,246.84401047363176,246.8440104736317,258.9143010747429,-4.889845444477792,False,baseline
extrapolation_top2,extrapolation,gpu_ready,30,intensity_threshold_train,1.0,model_regression:random_forest+probe,1.0516964802109958,12,2188.6964635951194,2188.696463595119,2301.844367013241,-5.169648021099582,False,baseline
extrapolation_top2,extrapolation,gpu_ready,100,intensity_threshold_train,1.0,model_regression:random_forest+probe,1.052660289807517,12,24197.010811697925,24197.010811697925,25471.23241351756,-5.2660289807517024,False,baseline
extrapolation_top2,extrapolation,gpu_ready,1000,intensity_threshold_train,1.0,model_regression:random_forest+probe,1.0530297064862657,12,2415086.1723319152,2415086.172331916,2543157.4831897155,-5.30297064862657,False,baseline
extrapolation_top2,extrapolation,none_ready,1,always_cpu_ref,1.0,model_regression:random_forest+probe,1.0,12,50.110055388237264,50.110055388237264,50.110055388237264,0.0,False,baseline
extrapolation_top2,extrapolation,none_ready,2,always_cpu_ref,1.0667498930337074,model_regression:random_forest+probe,1.0667498930337074,12,177.2054471246096,189.0338917651676,189.0338917651676,0.0,False,baseline
extrapolation_top2,extrapolation,none_ready,3,intensity_threshold_train,1.5664250792934262,model_regression:random_forest+probe,1.4504510138755875,12,287.67770289309624,450.62556856526896,417.26241583069145,7.403741612088566,True,model
extrapolation_top2,extrapolation,none_ready,5,intensity_threshold_train,1.125051586596189,model_regression:random_forest+probe,2.237310199912592,12,510.27055929576574,574.080702329026,1141.63352702752,-98.86289896106094,False,baseline
extrapolation_top2,extrapolation,none_ready,10,intensity_threshold_train,1.0,model_regression:random_forest+probe,4.668382259445269,12,967.2287076394058,967.2287076394058,4515.393339569977,-366.8382259445269,False,baseline
extrapolation_top2,extrapolation,none_ready,30,intensity_threshold_train,1.0,model_regression:random_forest+probe,1.0,12,3747.1088846093057,3747.1088846093057,3747.1088846093057,0.0,False,baseline
extrapolation_top2,extrapolation,none_ready,100,intensity_threshold_train,1.0,model_regression:random_forest+probe,1.0,12,28688.52026618156,28688.52026618156,28688.52026618156,0.0,False,baseline
extrapolation_top2,extrapolation,none_ready,1000,intensity_threshold_train,1.0,model_regression:random_forest+probe,1.0,12,2457288.9293595776,2457288.9293595776,2457288.9293595776,0.0,False,baseline
interpolation_fold0,interpolation,cpu_ready,1,always_cpu_ref,1.0,model_regression:random_forest+probe,1.0,20,1.2970269240761343,1.2970269240761343,1.2970269240761343,0.0,False,baseline
interpolation_fold0,interpolation,cpu_ready,2,always_cpu_ref,1.0,model_regression:random_forest+probe,1.0,20,5.188107696304537,5.188107696304537,5.188107696304537,0.0,False,baseline
interpolation_fold0,interpolation,cpu_ready,3,always_cpu_ref,1.0,model_regression:random_forest+probe,1.0,20,11.673242316685208,11.673242316685208,11.673242316685208,0.0,False,baseline
interpolation_fold0,interpolation,cpu_ready,5,k_break_even_table_train,1.0,model_regression:random_forest+probe,1.0,20,32.42567310190335,32.42567310190335,32.42567310190335,0.0,False,baseline
interpolation_fold0,interpolation,cpu_ready,10,k_break_even_table_train,1.0,model_regression:random_forest+probe,1.0,20,129.7026924076134,129.7026924076134,129.7026924076134,0.0,False,baseline
interpolation_fold0,interpolation,cpu_ready,30,k_break_even_table_train,1.0,model_regression:random_forest+probe,1.0,20,436.6810655040845,436.6810655040845,436.6810655040845,0.0,False,baseline
interpolation_fold0,interpolation,cpu_ready,100,k_break_even_table_train,1.0,model_regression:random_forest+probe,1.0,20,1681.4501734906037,1681.4501734906037,1681.4501734906037,0.0,False,baseline
interpolation_fold0,interpolation,cpu_ready,1000,k_break_even_table_train,1.0038388984407685,model_regression:random_forest+probe,1.0625734049088138,20,86816.24917096921,87149.52793454503,92248.63748300874,-5.850989293130193,False,baseline
interpolation_fold0,interpolation,gpu_ready,1,size_threshold_train,1.7726177739891564,model_regression:random_forest+probe,1.7808811353098433,20,0.10472538446405827,0.1856380778888375,0.1865034615801119,-0.46616712536344806,False,baseline
interpolation_fold0,interpolation,gpu_ready,2,size_threshold_train,1.0822269539984075,model_regression:random_forest+probe,1.0905416296686297,20,0.41887999983234514,0.4533232263094124,0.456806077652761,-0.7682931606445953,False,baseline
interpolation_fold0,interpolation,gpu_ready,3,size_threshold_train,1.0248535080395091,model_regression:random_forest+probe,1.033881559538512,20,0.8701505291557192,0.8917768223276741,0.8996325861167764,-0.8809114110633232,False,baseline
interpolation_fold0,interpolation,gpu_ready,5,size_threshold_train,1.0090786804764742,model_regression:random_forest+probe,1.0187527523341835,20,2.260467296841713,2.2809893571572584,2.302857280218907,-0.9587034237153125,False,baseline
interpolation_fold0,interpolation,gpu_ready,10,operation_crossover_table_train,1.0500677828178369,model_regression:random_forest+probe,1.0532480707029248,20,8.383672733841378,8.803424639495168,8.830087132323147,-0.30286500901435254,False,baseline
interpolation_fold0,interpolation,gpu_ready,30,operation_crossover_table_train,1.004573286907109,model_regression:random_forest+probe,1.112811744221842,20,72.33816236343972,72.66898553426073,80.49875663346215,-10.774570529142657,False,baseline
interpolation_fold0,interpolation,gpu_ready,100,operation_crossover_table_train,1.0001952992847631,model_regression:random_forest+probe,1.1215274198147531,20,792.6607460106973,792.8155520874528,888.9907612618147,-12.130842908055484,False,baseline
interpolation_fold0,interpolation,gpu_ready,1000,operation_crossover_table_train,1.0,model_regression:random_forest+probe,1.042923135333308,20,78868.78431046664,78868.78431046664,82254.07981299827,-4.292313533330794,False,baseline
interpolation_fold0,interpolation,none_ready,1,always_cpu_ref,1.0,model_regression:random_forest+probe,1.0,20,2.466817330099965,2.466817330099965,2.466817330099965,0.0,False,baseline
interpolation_fold0,interpolation,none_ready,2,always_cpu_ref,1.0,model_regression:random_forest+probe,1.0,20,6.875135238713041,6.875135238713041,6.875135238713041,0.0,False,baseline
interpolation_fold0,interpolation,none_ready,3,always_cpu_ref,1.0,model_regression:random_forest+probe,1.0,20,13.877506995478386,13.877506995478386,13.877506995478386,0.0,False,baseline
interpolation_fold0,interpolation,none_ready,5,k_break_even_table_train,1.0,model_regression:random_forest+probe,1.0,20,35.664412053465874,35.664412053465874,35.664412053465874,0.0,False,baseline
interpolation_fold0,interpolation,none_ready,10,k_break_even_table_train,1.0,model_regression:random_forest+probe,1.0,20,135.5276170410993,135.5276170410993,135.5276170410993,0.0,False,baseline
interpolation_fold0,interpolation,none_ready,30,k_break_even_table_train,1.0,model_regression:random_forest+probe,1.0,20,439.6682298256064,439.6682298256064,439.6682298256064,0.0,False,baseline
interpolation_fold0,interpolation,none_ready,100,k_break_even_table_train,1.0,model_regression:random_forest+probe,1.0469977616102653,20,1690.0296271762265,1690.0296271762263,1769.4572367085402,-4.699776161026525,False,baseline
interpolation_fold0,interpolation,none_ready,1000,k_break_even_table_train,1.0038265861444209,model_regression:random_forest+probe,1.0633314858084737,20,86857.76146325748,87190.13016980818,92358.59255072357,-5.9278067034072235,False,baseline
interpolation_fold1,interpolation,cpu_ready,1,always_cpu_ref,1.0,model_regression:random_forest+probe,21.287789115754386,20,8.244127224726086,8.244127224726086,175.49924180341836,-2028.7789115754385,False,baseline
interpolation_fold1,interpolation,cpu_ready,2,always_cpu_ref,1.0,model_regression:random_forest+probe,5.829069483199973,20,32.97650889890434,32.97650889890434,192.22236168507564,-482.9069483199973,False,baseline
interpolation_fold1,interpolation,cpu_ready,3,always_cpu_ref,1.0,model_regression:random_forest+probe,2.828027831300361,20,74.19714502253477,74.19714502253477,209.8315911267574,-182.80278313003612,False,baseline
interpolation_fold1,interpolation,cpu_ready,5,k_break_even_table_train,1.0,model_regression:random_forest+probe,1.3718945735248087,20,180.55933995989014,180.55933995989017,247.70837869019445,-37.18945735248087,False,baseline
interpolation_fold1,interpolation,cpu_ready,10,k_break_even_table_train,1.0,model_regression:random_forest+probe,1.0,20,357.907264899216,357.907264899216,357.907264899216,0.0,False,baseline
interpolation_fold1,interpolation,cpu_ready,30,k_break_even_table_train,1.0,model_regression:random_forest+probe,1.0,20,1020.230199741427,1020.230199741427,1020.230199741427,0.0,False,baseline
interpolation_fold1,interpolation,cpu_ready,100,k_break_even_table_train,1.0,model_regression:random_forest+probe,1.0354994283928032,20,6013.898866627014,6013.898866627013,6227.3888388044,-3.549942839280318,False,baseline
interpolation_fold1,interpolation,cpu_ready,1000,k_break_even_table_train,1.0006280871195838,model_regression:random_forest+probe,1.0689392469120191,20,426595.89081173675,426863.830196023,456005.0902600598,-6.826828136423435,False,baseline
interpolation_fold1,interpolation,gpu_ready,1,size_threshold_train,1.1186074695426331,model_regression:random_forest+probe,1.3187110676843856,20,0.5215161360300266,0.5833718452501997,0.6877291005587916,-17.88863418045734,False,baseline
interpolation_fold1,interpolation,gpu_ready,2,size_threshold_train,1.0611272885468008,model_regression:random_forest+probe,1.1655800547355994,20,1.8237014189383742,1.93517934179703,2.1256699997075805,-9.84356611277477,False,baseline
interpolation_fold1,interpolation,gpu_ready,3,size_threshold_train,1.059605586584954,model_regression:random_forest+probe,1.1416159627779126,20,3.932566029547623,4.166968934522873,4.489480154009723,-7.739707796112416,False,baseline
interpolation_fold1,interpolation,gpu_ready,5,size_threshold_train,1.0623740691877517,model_regression:random_forest+probe,1.130639573305258,20,10.608781535046846,11.2704944085116,11.994708228074067,-6.425750222772231,False,baseline
interpolation_fold1,interpolation,gpu_ready,10,operation_crossover_table_train,1.00693697242918,model_regression:random_forest+probe,1.1277889043443774,20,41.63953305141048,41.92838534415205,46.960603357461714,-12.001936091754462,False,baseline
interpolation_fold1,interpolation,gpu_ready,30,operation_crossover_table_train,1.000439630816119,model_regression:random_forest+probe,1.0723867617970075,20,370.3169044460137,370.4797071689379,397.1229459975525,-7.191551470446744,False,baseline
interpolation_fold1,interpolation,gpu_ready,100,operation_crossover_table_train,1.0000600031084037,model_regression:random_forest+probe,1.074767072934298,20,4096.914988709916,4097.160816344103,4403.229330476408,-7.470258743844216,False,baseline
interpolation_fold1,interpolation,gpu_ready,1000,operation_crossover_table_train,1.0001399557249555,model_regression:random_forest+probe,1.074914626783583,20,409018.5217798264,409075.7662635624,439659.9916865349,-7.476420737978295,False,baseline
interpolation_fold1,interpolation,none_ready,1,always_cpu_ref,1.0,model_regression:random_forest+probe,1.0,20,10.262041577135918,10.262041577135918,10.262041577135918,0.0,False,baseline
interpolation_fold1,interpolation,none_ready,2,always_cpu_ref,1.0,model_regression:random_forest+probe,1.0,20,36.39565571757142,36.39565571757142,36.39565571757142,0.0,False,baseline
interpolation_fold1,interpolation,none_ready,3,always_cpu_ref,1.0,model_regression:random_forest+probe,1.0,20,79.01752430745908,79.01752430745908,79.01752430745908,0.0,False,baseline
interpolation_fold1,interpolation,none_ready,5,k_break_even_table_train,1.0,model_regression:random_forest+probe,1.1543055929175463,20,185.15549621083542,185.15549621083545,213.7260248355909,-15.43055929175463,False,baseline
interpolation_fold1,interpolation,none_ready,10,k_break_even_table_train,1.0,model_regression:random_forest+probe,2.331375570468698,20,359.89127605581507,359.891276055815,839.0417290213335,-133.1375570468698,False,baseline
interpolation_fold1,interpolation,none_ready,30,k_break_even_table_train,1.0,model_regression:random_forest+probe,1.080366997097827,20,1025.1212133088172,1025.1212133088177,1107.5071268837278,-8.036699709782692,False,baseline
interpolation_fold1,interpolation,none_ready,100,k_break_even_table_train,1.005948577510721,model_regression:random_forest+probe,1.035675967992378,20,6027.2586393500815,6063.112254543418,6242.286925649319,-2.9551600495543173,False,baseline
interpolation_fold1,interpolation,none_ready,1000,k_break_even_table_train,1.0006265312983158,model_regression:random_forest+probe,1.0690975047053817,20,426667.62777326483,426934.9483960429,456149.296190962,-6.842810106006736,False,baseline
interpolation_fold2,interpolation,cpu_ready,1,always_cpu_ref,1.0,model_regression:random_forest+probe,1.0,16,0.3119994340531757,0.3119994340531757,0.3119994340531757,0.0,False,baseline
interpolation_fold2,interpolation,cpu_ready,2,always_cpu_ref,1.0,model_regression:random_forest+probe,1.0,16,1.2479977362127028,1.2479977362127028,1.2479977362127028,0.0,False,baseline
interpolation_fold2,interpolation,cpu_ready,3,always_cpu_ref,1.0,model_regression:random_forest+probe,1.0,16,2.8079949064785814,2.8079949064785814,2.8079949064785814,0.0,False,baseline
interpolation_fold2,interpolation,cpu_ready,5,k_break_even_table_train,1.0,model_regression:random_forest+probe,1.0,16,7.799985851329392,7.799985851329392,7.799985851329392,0.0,False,baseline
interpolation_fold2,interpolation,cpu_ready,10,k_break_even_table_train,1.0,model_regression:random_forest+probe,1.0,16,31.19994340531757,31.19994340531757,31.19994340531757,0.0,False,baseline
interpolation_fold2,interpolation,cpu_ready,30,k_break_even_table_train,1.0606178943040148,model_regression:random_forest+probe,1.15192716114749,16,280.7994906478582,297.82096449257125,323.46056011364846,-8.609063389732174,False,baseline
interpolation_fold2,interpolation,cpu_ready,100,k_break_even_table_train,1.0,model_regression:random_forest+probe,2.0061927676811933,16,1442.2400520358965,1442.2400520358965,2893.4115616545632,-100.61927676811932,False,baseline
interpolation_fold2,interpolation,cpu_ready,1000,k_break_even_table_train,1.0030258627422175,model_regression:random_forest+probe,2.8909082011510567,16,95016.7453086404,95304.2529381566,274684.6882594297,-188.21870985933234,False,baseline
interpolation_fold2,interpolation,gpu_ready,1,size_threshold_train,1.210886751181991,model_regression:random_forest+probe,1.0,16,0.2781580109889865,0.3368178502416984,0.2781580109889865,17.415893846070794,True,model
interpolation_fold2,interpolation,gpu_ready,2,size_threshold_train,1.0824821515173793,model_regression:random_forest+probe,1.0,16,0.6697243882820765,0.7249646967512429,0.6697243882820765,7.6197239281737055,True,model
interpolation_fold2,interpolation,gpu_ready,3,size_threshold_train,1.0380265520288745,model_regression:random_forest+probe,1.0,16,1.2513792311288112,1.298964868569184,1.2513792311288112,3.663350610304694,True,model
interpolation_fold2,interpolation,gpu_ready,5,size_threshold_train,1.0065565072666736,model_regression:random_forest+probe,1.0,16,2.984954313483214,3.0045251881302555,2.984954313483214,0.6513799492964267,False,baseline
interpolation_fold2,interpolation,gpu_ready,10,operation_crossover_table_train,1.0372271179254484,model_regression:random_forest+probe,1.021526877690953,16,10.421106286132018,10.809054038759486,10.645440166558002,1.5136742920776491,False,baseline
interpolation_fold2,interpolation,gpu_ready,30,operation_crossover_table_train,1.006953930568076,model_regression:random_forest+probe,1.018176650754496,16,85.48379744395169,86.07824583607238,87.03760657525848,-1.1145217120398732,False,baseline
interpolation_fold2,interpolation,gpu_ready,100,operation_crossover_table_train,1.001842010677841,model_regression:random_forest+probe,1.006269955082648,16,920.2730554062289,921.9682082008168,926.0431261273972,-0.44198030803390687,False,baseline
interpolation_fold2,interpolation,gpu_ready,1000,operation_crossover_table_train,1.000634762375786,model_regression:random_forest+probe,1.0061480386579378,16,90936.31011062865,90994.03305887964,91495.390060599,-0.5509778881818583,False,baseline
interpolation_fold2,interpolation,none_ready,1,always_cpu_ref,1.0,model_regression:random_forest+probe,1.0,16,1.2163202822412733,1.2163202822412733,1.2163202822412733,0.0,False,baseline
interpolation_fold2,interpolation,none_ready,2,always_cpu_ref,1.0,model_regression:random_forest+probe,1.0,16,2.5371061999596387,2.5371061999596387,2.5371061999596387,0.0,False,baseline
interpolation_fold2,interpolation,none_ready,3,always_cpu_ref,1.0,model_regression:random_forest+probe,1.0,16,4.481890985784355,4.481890985784355,4.481890985784355,0.0,False,baseline
interpolation_fold2,interpolation,none_ready,5,k_break_even_table_train,1.0,model_regression:random_forest+probe,1.0,16,10.243457161752843,10.243457161752843,10.243457161752843,0.0,False,baseline
interpolation_fold2,interpolation,none_ready,10,k_break_even_table_train,1.0,model_regression:random_forest+probe,1.0,16,35.567352793535214,35.567352793535214,35.567352793535214,0.0,False,baseline
interpolation_fold2,interpolation,none_ready,30,k_break_even_table_train,1.050134293634864,model_regression:random_forest+probe,1.1953032037484383,16,292.86265234725255,307.5451145547148,350.0596666089361,-13.823842435532342,False,baseline
interpolation_fold2,interpolation,none_ready,100,k_break_even_table_train,1.0,model_regression:random_forest+probe,1.5358361912450589,16,1455.7598240708382,1455.7598240708382,2235.808623568533,-53.58361912450589,False,baseline
interpolation_fold2,interpolation,none_ready,1000,k_break_even_table_train,1.002913300836067,model_regression:random_forest+probe,2.003087371656022,16,95146.0496255916,95423.23869151429,190585.85046797968,-99.72687270037915,False,baseline
