ipc_cv_pct,ipc_mean,kernel_ref,n_windows_ok,n_windows_total,quality_json,repetition,run_dir
22.652090354487054,2.8619699391024036,npb_bt,24932,25013,"{""first_sample_no_delta"": 1, ""warmup_excluded"": 80, ""ok"": 24932}",1,/home/latorresn/hyperion-results/sweeps/interval_ns/interval_1000000/sweep_interval_1000000__npb_bt__REF__rep01
22.152373389172165,2.868481206846633,npb_bt,24870,24951,"{""first_sample_no_delta"": 1, ""warmup_excluded"": 80, ""ok"": 24870}",2,/home/latorresn/hyperion-results/sweeps/interval_ns/interval_1000000/sweep_interval_1000000__npb_bt__REF__rep02
22.655493875155695,2.8626022863410028,npb_bt,24923,25004,"{""first_sample_no_delta"": 1, ""warmup_excluded"": 80, ""ok"": 24923}",3,/home/latorresn/hyperion-results/sweeps/interval_ns/interval_1000000/sweep_interval_1000000__npb_bt__REF__rep03
14.247397390844855,1.769306762031247,npb_cg,6690,6761,"{""first_sample_no_delta"": 1, ""warmup_excluded"": 70, ""ok"": 6690}",1,/home/latorresn/hyperion-results/sweeps/interval_ns/interval_1000000/sweep_interval_1000000__npb_cg__REF__rep01
15.267878916876704,1.7353107117546676,npb_cg,6748,6819,"{""first_sample_no_delta"": 1, ""warmup_excluded"": 70, ""ok"": 6748}",2,/home/latorresn/hyperion-results/sweeps/interval_ns/interval_1000000/sweep_interval_1000000__npb_cg__REF__rep02
11.95982715590009,1.7846386666560827,npb_cg,6599,6670,"{""first_sample_no_delta"": 1, ""warmup_excluded"": 70, ""ok"": 6599}",3,/home/latorresn/hyperion-results/sweeps/interval_ns/interval_1000000/sweep_interval_1000000__npb_cg__REF__rep03
35.70540639574556,3.320530761595411,npb_ft,3661,4162,"{""first_sample_no_delta"": 1, ""warmup_excluded"": 500, ""ok"": 3661}",1,/home/latorresn/hyperion-results/sweeps/interval_ns/interval_1000000/sweep_interval_1000000__npb_ft__REF__rep01
35.277783733873505,3.3492411932243815,npb_ft,3628,4129,"{""first_sample_no_delta"": 1, ""warmup_excluded"": 500, ""ok"": 3628}",2,/home/latorresn/hyperion-results/sweeps/interval_ns/interval_1000000/sweep_interval_1000000__npb_ft__REF__rep02
36.41263070942343,3.2930876727717626,npb_ft,3692,4193,"{""first_sample_no_delta"": 1, ""warmup_excluded"": 500, ""ok"": 3692}",3,/home/latorresn/hyperion-results/sweeps/interval_ns/interval_1000000/sweep_interval_1000000__npb_ft__REF__rep03
22.576923384417974,1.804086583724694,npb_lu,16493,17494,"{""first_sample_no_delta"": 1, ""warmup_excluded"": 1000, ""ok"": 16493}",1,/home/latorresn/hyperion-results/sweeps/interval_ns/interval_1000000/sweep_interval_1000000__npb_lu__REF__rep01
22.368193031494755,1.810840705417824,npb_lu,16405,17406,"{""first_sample_no_delta"": 1, ""warmup_excluded"": 1000, ""ok"": 16405}",2,/home/latorresn/hyperion-results/sweeps/interval_ns/interval_1000000/sweep_interval_1000000__npb_lu__REF__rep02
22.055748701126916,1.8171984438887276,npb_lu,16345,17346,"{""first_sample_no_delta"": 1, ""warmup_excluded"": 1000, ""ok"": 16345}",3,/home/latorresn/hyperion-results/sweeps/interval_ns/interval_1000000/sweep_interval_1000000__npb_lu__REF__rep03
23.577263087738405,1.7022029958812566,npb_mg,636,937,"{""first_sample_no_delta"": 1, ""warmup_excluded"": 300, ""ok"": 636}",1,/home/latorresn/hyperion-results/sweeps/interval_ns/interval_1000000/sweep_interval_1000000__npb_mg__REF__rep01
22.473039955586987,1.7172095952970874,npb_mg,627,928,"{""first_sample_no_delta"": 1, ""warmup_excluded"": 300, ""ok"": 627}",2,/home/latorresn/hyperion-results/sweeps/interval_ns/interval_1000000/sweep_interval_1000000__npb_mg__REF__rep02
22.88923219248768,1.706408827420102,npb_mg,634,935,"{""first_sample_no_delta"": 1, ""warmup_excluded"": 300, ""ok"": 634}",3,/home/latorresn/hyperion-results/sweeps/interval_ns/interval_1000000/sweep_interval_1000000__npb_mg__REF__rep03
41.05536748849896,1.7681124451428911,npb_sp,16731,17232,"{""first_sample_no_delta"": 1, ""warmup_excluded"": 500, ""ok"": 16731}",1,/home/latorresn/hyperion-results/sweeps/interval_ns/interval_1000000/sweep_interval_1000000__npb_sp__REF__rep01
40.80839653172895,1.7616274941876715,npb_sp,16791,17292,"{""first_sample_no_delta"": 1, ""warmup_excluded"": 500, ""ok"": 16791}",2,/home/latorresn/hyperion-results/sweeps/interval_ns/interval_1000000/sweep_interval_1000000__npb_sp__REF__rep02
41.957624814302534,1.7394406692464808,npb_sp,17019,17520,"{""first_sample_no_delta"": 1, ""warmup_excluded"": 500, ""ok"": 17019}",3,/home/latorresn/hyperion-results/sweeps/interval_ns/interval_1000000/sweep_interval_1000000__npb_sp__REF__rep03
16.93092644603485,2.8655237111563774,npb_bt,2484,2493,"{""first_sample_no_delta"": 1, ""warmup_excluded"": 8, ""ok"": 2484}",1,/home/latorresn/hyperion-results/sweeps/interval_ns/interval_10000000/sweep_interval_10000000__npb_bt__REF__rep01
16.67272410494606,2.870717216697443,npb_bt,2479,2488,"{""first_sample_no_delta"": 1, ""warmup_excluded"": 8, ""ok"": 2479}",2,/home/latorresn/hyperion-results/sweeps/interval_ns/interval_10000000/sweep_interval_10000000__npb_bt__REF__rep02
16.15997080618296,2.879587466368171,npb_bt,2471,2480,"{""first_sample_no_delta"": 1, ""warmup_excluded"": 8, ""ok"": 2471}",3,/home/latorresn/hyperion-results/sweeps/interval_ns/interval_10000000/sweep_interval_10000000__npb_bt__REF__rep03
11.65683917328261,1.7636815842106164,npb_cg,666,674,"{""first_sample_no_delta"": 1, ""warmup_excluded"": 7, ""ok"": 666}",1,/home/latorresn/hyperion-results/sweeps/interval_ns/interval_10000000/sweep_interval_10000000__npb_cg__REF__rep01
12.84780084566233,1.7592964211550546,npb_cg,668,676,"{""first_sample_no_delta"": 1, ""warmup_excluded"": 7, ""ok"": 668}",2,/home/latorresn/hyperion-results/sweeps/interval_ns/interval_10000000/sweep_interval_10000000__npb_cg__REF__rep02
10.954427411000198,1.769872501814322,npb_cg,662,670,"{""first_sample_no_delta"": 1, ""warmup_excluded"": 7, ""ok"": 662}",3,/home/latorresn/hyperion-results/sweeps/interval_ns/interval_10000000/sweep_interval_10000000__npb_cg__REF__rep03
33.29887891571383,3.2818627567526164,npb_ft,369,420,"{""first_sample_no_delta"": 1, ""warmup_excluded"": 50, ""ok"": 369}",1,/home/latorresn/hyperion-results/sweeps/interval_ns/interval_10000000/sweep_interval_10000000__npb_ft__REF__rep01
34.518619929271075,3.2943144585003648,npb_ft,368,419,"{""first_sample_no_delta"": 1, ""warmup_excluded"": 50, ""ok"": 368}",2,/home/latorresn/hyperion-results/sweeps/interval_ns/interval_10000000/sweep_interval_10000000__npb_ft__REF__rep02
33.05918307812238,3.3434974505747825,npb_ft,362,413,"{""first_sample_no_delta"": 1, ""warmup_excluded"": 50, ""ok"": 362}",3,/home/latorresn/hyperion-results/sweeps/interval_ns/interval_10000000/sweep_interval_10000000__npb_ft__REF__rep03
8.321311297542126,1.8206829504407955,npb_lu,1626,1727,"{""first_sample_no_delta"": 1, ""warmup_excluded"": 100, ""ok"": 1626}",1,/home/latorresn/hyperion-results/sweeps/interval_ns/interval_10000000/sweep_interval_10000000__npb_lu__REF__rep01
8.210934207341715,1.8233863001630575,npb_lu,1624,1725,"{""first_sample_no_delta"": 1, ""warmup_excluded"": 100, ""ok"": 1624}",2,/home/latorresn/hyperion-results/sweeps/interval_ns/interval_10000000/sweep_interval_10000000__npb_lu__REF__rep02
8.612792788587562,1.8149781872753874,npb_lu,1631,1732,"{""first_sample_no_delta"": 1, ""warmup_excluded"": 100, ""ok"": 1631}",3,/home/latorresn/hyperion-results/sweeps/interval_ns/interval_10000000/sweep_interval_10000000__npb_lu__REF__rep03
11.930489849938892,1.7061100317460909,npb_mg,63,94,"{""first_sample_no_delta"": 1, ""warmup_excluded"": 30, ""ok"": 63}",1,/home/latorresn/hyperion-results/sweeps/interval_ns/interval_10000000/sweep_interval_10000000__npb_mg__REF__rep01
11.985675450036275,1.6852036357635003,npb_mg,64,95,"{""first_sample_no_delta"": 1, ""warmup_excluded"": 30, ""ok"": 64}",2,/home/latorresn/hyperion-results/sweeps/interval_ns/interval_10000000/sweep_interval_10000000__npb_mg__REF__rep02
11.482899873980127,1.718643220395245,npb_mg,62,93,"{""first_sample_no_delta"": 1, ""warmup_excluded"": 30, ""ok"": 62}",3,/home/latorresn/hyperion-results/sweeps/interval_ns/interval_10000000/sweep_interval_10000000__npb_mg__REF__rep03
19.520726365028768,1.7586061041222418,npb_sp,1678,1729,"{""first_sample_no_delta"": 1, ""warmup_excluded"": 50, ""ok"": 1678}",1,/home/latorresn/hyperion-results/sweeps/interval_ns/interval_10000000/sweep_interval_10000000__npb_sp__REF__rep01
19.289745767000056,1.6558955873418946,npb_sp,1794,1845,"{""first_sample_no_delta"": 1, ""warmup_excluded"": 50, ""ok"": 1794}",2,/home/latorresn/hyperion-results/sweeps/interval_ns/interval_10000000/sweep_interval_10000000__npb_sp__REF__rep02
19.457585997253886,1.7530437736223254,npb_sp,1683,1734,"{""first_sample_no_delta"": 1, ""warmup_excluded"": 50, ""ok"": 1683}",3,/home/latorresn/hyperion-results/sweeps/interval_ns/interval_10000000/sweep_interval_10000000__npb_sp__REF__rep03
21.418889427801023,2.873841680382803,npb_bt,12395,12436,"{""first_sample_no_delta"": 1, ""warmup_excluded"": 40, ""ok"": 12395}",1,/home/latorresn/hyperion-results/sweeps/interval_ns/interval_2000000/sweep_interval_2000000__npb_bt__REF__rep01
21.490993371149756,2.8691746179643274,npb_bt,12417,12458,"{""first_sample_no_delta"": 1, ""warmup_excluded"": 40, ""ok"": 12417}",2,/home/latorresn/hyperion-results/sweeps/interval_ns/interval_2000000/sweep_interval_2000000__npb_bt__REF__rep02
21.69137334157967,2.864262843263433,npb_bt,12438,12479,"{""first_sample_no_delta"": 1, ""warmup_excluded"": 40, ""ok"": 12438}",3,/home/latorresn/hyperion-results/sweeps/interval_ns/interval_2000000/sweep_interval_2000000__npb_bt__REF__rep03
14.400738822985492,1.752680560283371,npb_cg,3368,3404,"{""first_sample_no_delta"": 1, ""warmup_excluded"": 35, ""ok"": 3368}",1,/home/latorresn/hyperion-results/sweeps/interval_ns/interval_2000000/sweep_interval_2000000__npb_cg__REF__rep01
12.862447716607495,1.7702062414532511,npb_cg,3328,3364,"{""first_sample_no_delta"": 1, ""warmup_excluded"": 35, ""ok"": 3328}",2,/home/latorresn/hyperion-results/sweeps/interval_ns/interval_2000000/sweep_interval_2000000__npb_cg__REF__rep02
14.47319701242962,1.7634257959643502,npb_cg,3316,3352,"{""first_sample_no_delta"": 1, ""warmup_excluded"": 35, ""ok"": 3316}",3,/home/latorresn/hyperion-results/sweeps/interval_ns/interval_2000000/sweep_interval_2000000__npb_cg__REF__rep03
34.98183264037551,3.340900440391644,npb_ft,1816,2067,"{""first_sample_no_delta"": 1, ""warmup_excluded"": 250, ""ok"": 1816}",1,/home/latorresn/hyperion-results/sweeps/interval_ns/interval_2000000/sweep_interval_2000000__npb_ft__REF__rep01
35.40122433685758,3.3247649403856365,npb_ft,1825,2076,"{""first_sample_no_delta"": 1, ""warmup_excluded"": 250, ""ok"": 1825}",2,/home/latorresn/hyperion-results/sweeps/interval_ns/interval_2000000/sweep_interval_2000000__npb_ft__REF__rep02
38.321328007975325,3.2209033047240823,npb_ft,1887,2138,"{""first_sample_no_delta"": 1, ""warmup_excluded"": 250, ""ok"": 1887}",3,/home/latorresn/hyperion-results/sweeps/interval_ns/interval_2000000/sweep_interval_2000000__npb_ft__REF__rep03
19.724838874988997,1.8262293567954893,npb_lu,8119,8620,"{""first_sample_no_delta"": 1, ""warmup_excluded"": 500, ""ok"": 8119}",1,/home/latorresn/hyperion-results/sweeps/interval_ns/interval_2000000/sweep_interval_2000000__npb_lu__REF__rep01
19.64596652941645,1.8270887742052204,npb_lu,8118,8619,"{""first_sample_no_delta"": 1, ""warmup_excluded"": 500, ""ok"": 8118}",2,/home/latorresn/hyperion-results/sweeps/interval_ns/interval_2000000/sweep_interval_2000000__npb_lu__REF__rep02
19.711355718146013,1.8266919297737991,npb_lu,8114,8615,"{""first_sample_no_delta"": 1, ""warmup_excluded"": 500, ""ok"": 8114}",3,/home/latorresn/hyperion-results/sweeps/interval_ns/interval_2000000/sweep_interval_2000000__npb_lu__REF__rep03
19.82589648183854,1.7045290626380358,npb_mg,316,467,"{""first_sample_no_delta"": 1, ""warmup_excluded"": 150, ""ok"": 316}",1,/home/latorresn/hyperion-results/sweeps/interval_ns/interval_2000000/sweep_interval_2000000__npb_mg__REF__rep01
20.014973277852143,1.7012068861148952,npb_mg,317,468,"{""first_sample_no_delta"": 1, ""warmup_excluded"": 150, ""ok"": 317}",2,/home/latorresn/hyperion-results/sweeps/interval_ns/interval_2000000/sweep_interval_2000000__npb_mg__REF__rep02
19.881355195206343,1.6976183016801978,npb_mg,318,469,"{""first_sample_no_delta"": 1, ""warmup_excluded"": 150, ""ok"": 318}",3,/home/latorresn/hyperion-results/sweeps/interval_ns/interval_2000000/sweep_interval_2000000__npb_mg__REF__rep03
37.90675992588605,1.7782276052487878,npb_sp,8303,8554,"{""first_sample_no_delta"": 1, ""warmup_excluded"": 250, ""ok"": 8303}",1,/home/latorresn/hyperion-results/sweeps/interval_ns/interval_2000000/sweep_interval_2000000__npb_sp__REF__rep01
38.457160016071015,1.766930121590771,npb_sp,8360,8611,"{""first_sample_no_delta"": 1, ""warmup_excluded"": 250, ""ok"": 8360}",2,/home/latorresn/hyperion-results/sweeps/interval_ns/interval_2000000/sweep_interval_2000000__npb_sp__REF__rep02
38.466774021576256,1.756207539958485,npb_sp,8413,8664,"{""first_sample_no_delta"": 1, ""warmup_excluded"": 250, ""ok"": 8413}",3,/home/latorresn/hyperion-results/sweeps/interval_ns/interval_2000000/sweep_interval_2000000__npb_sp__REF__rep03
23.011747029924344,2.855053107337931,npb_bt,50123,50284,"{""first_sample_no_delta"": 1, ""warmup_excluded"": 160, ""ok"": 50123}",1,/home/latorresn/hyperion-results/sweeps/interval_ns/interval_500000/sweep_interval_500000__npb_bt__REF__rep01
22.65803428798247,2.859476554236301,npb_bt,50049,50210,"{""first_sample_no_delta"": 1, ""warmup_excluded"": 160, ""ok"": 50049}",2,/home/latorresn/hyperion-results/sweeps/interval_ns/interval_500000/sweep_interval_500000__npb_bt__REF__rep02
22.139602555044537,2.868103977685737,npb_bt,49901,50062,"{""first_sample_no_delta"": 1, ""warmup_excluded"": 160, ""ok"": 49901}",3,/home/latorresn/hyperion-results/sweeps/interval_ns/interval_500000/sweep_interval_500000__npb_bt__REF__rep03
14.395187615922985,1.7799444437662963,npb_cg,13317,13458,"{""first_sample_no_delta"": 1, ""warmup_excluded"": 140, ""ok"": 13317}",1,/home/latorresn/hyperion-results/sweeps/interval_ns/interval_500000/sweep_interval_500000__npb_cg__REF__rep01
16.093066033673875,1.746581341246591,npb_cg,13458,13599,"{""first_sample_no_delta"": 1, ""warmup_excluded"": 140, ""ok"": 13458}",2,/home/latorresn/hyperion-results/sweeps/interval_ns/interval_500000/sweep_interval_500000__npb_cg__REF__rep02
14.226156062451162,1.781264794886185,npb_cg,13310,13451,"{""first_sample_no_delta"": 1, ""warmup_excluded"": 140, ""ok"": 13310}",3,/home/latorresn/hyperion-results/sweeps/interval_ns/interval_500000/sweep_interval_500000__npb_cg__REF__rep03
36.29816578272018,3.274153791272136,npb_ft,7451,8454,"{""first_sample_no_delta"": 1, ""warmup_excluded"": 1000, ""ok"": 7451, ""intensity_undefined"": 2}",1,/home/latorresn/hyperion-results/sweeps/interval_ns/interval_500000/sweep_interval_500000__npb_ft__REF__rep01
35.672831744678,3.3183866915657263,npb_ft,7347,8348,"{""first_sample_no_delta"": 1, ""warmup_excluded"": 1000, ""ok"": 7347}",2,/home/latorresn/hyperion-results/sweeps/interval_ns/interval_500000/sweep_interval_500000__npb_ft__REF__rep02
37.21936696526306,3.2676360996089455,npb_ft,7467,8468,"{""first_sample_no_delta"": 1, ""warmup_excluded"": 1000, ""ok"": 7467}",3,/home/latorresn/hyperion-results/sweeps/interval_ns/interval_500000/sweep_interval_500000__npb_ft__REF__rep03
23.474162638282937,1.814702206871979,npb_lu,32863,34864,"{""first_sample_no_delta"": 1, ""warmup_excluded"": 2000, ""ok"": 32863}",1,/home/latorresn/hyperion-results/sweeps/interval_ns/interval_500000/sweep_interval_500000__npb_lu__REF__rep01
23.194307322927273,1.8239625079706254,npb_lu,32678,34679,"{""first_sample_no_delta"": 1, ""warmup_excluded"": 2000, ""ok"": 32678}",2,/home/latorresn/hyperion-results/sweeps/interval_ns/interval_500000/sweep_interval_500000__npb_lu__REF__rep02
23.830024753105686,1.808237746865848,npb_lu,32990,34991,"{""first_sample_no_delta"": 1, ""warmup_excluded"": 2000, ""ok"": 32990}",3,/home/latorresn/hyperion-results/sweeps/interval_ns/interval_500000/sweep_interval_500000__npb_lu__REF__rep03
26.11314064731876,1.6854061664876967,npb_mg,1295,1896,"{""first_sample_no_delta"": 1, ""warmup_excluded"": 600, ""ok"": 1295}",1,/home/latorresn/hyperion-results/sweeps/interval_ns/interval_500000/sweep_interval_500000__npb_mg__REF__rep01
25.940407886250533,1.6997516565521182,npb_mg,1279,1880,"{""first_sample_no_delta"": 1, ""warmup_excluded"": 600, ""ok"": 1279}",2,/home/latorresn/hyperion-results/sweeps/interval_ns/interval_500000/sweep_interval_500000__npb_mg__REF__rep02
25.150860589191055,1.7164578778454869,npb_mg,1263,1864,"{""first_sample_no_delta"": 1, ""warmup_excluded"": 600, ""ok"": 1263}",3,/home/latorresn/hyperion-results/sweeps/interval_ns/interval_500000/sweep_interval_500000__npb_mg__REF__rep03
42.248603389176544,1.7623568926839606,npb_sp,33663,34664,"{""first_sample_no_delta"": 1, ""warmup_excluded"": 1000, ""ok"": 33663}",1,/home/latorresn/hyperion-results/sweeps/interval_ns/interval_500000/sweep_interval_500000__npb_sp__REF__rep01
46.62392782321285,1.6464876922424863,npb_sp,36300,37301,"{""first_sample_no_delta"": 1, ""warmup_excluded"": 1000, ""ok"": 36300}",2,/home/latorresn/hyperion-results/sweeps/interval_ns/interval_500000/sweep_interval_500000__npb_sp__REF__rep02
42.51820919808168,1.7645783953435223,npb_sp,33626,34627,"{""first_sample_no_delta"": 1, ""warmup_excluded"": 1000, ""ok"": 33626}",3,/home/latorresn/hyperion-results/sweeps/interval_ns/interval_500000/sweep_interval_500000__npb_sp__REF__rep03
19.391978736836617,2.8753536836869,npb_bt,4952,4969,"{""first_sample_no_delta"": 1, ""warmup_excluded"": 16, ""ok"": 4952}",1,/home/latorresn/hyperion-results/sweeps/interval_ns/interval_5000000/sweep_interval_5000000__npb_bt__REF__rep01
19.235097059509236,2.871016016944198,npb_bt,4959,4976,"{""first_sample_no_delta"": 1, ""warmup_excluded"": 16, ""ok"": 4959}",2,/home/latorresn/hyperion-results/sweeps/interval_ns/interval_5000000/sweep_interval_5000000__npb_bt__REF__rep02
19.051046398510636,2.8761535609369404,npb_bt,4950,4967,"{""first_sample_no_delta"": 1, ""warmup_excluded"": 16, ""ok"": 4950}",3,/home/latorresn/hyperion-results/sweeps/interval_ns/interval_5000000/sweep_interval_5000000__npb_bt__REF__rep03
12.548462103846555,1.784262497611605,npb_cg,1320,1335,"{""first_sample_no_delta"": 1, ""warmup_excluded"": 14, ""ok"": 1320}",1,/home/latorresn/hyperion-results/sweeps/interval_ns/interval_5000000/sweep_interval_5000000__npb_cg__REF__rep01
14.302056189308518,1.7585226230897257,npb_cg,1328,1343,"{""first_sample_no_delta"": 1, ""warmup_excluded"": 14, ""ok"": 1328}",2,/home/latorresn/hyperion-results/sweeps/interval_ns/interval_5000000/sweep_interval_5000000__npb_cg__REF__rep02
12.163729178166932,1.758374367836996,npb_cg,1336,1351,"{""first_sample_no_delta"": 1, ""warmup_excluded"": 14, ""ok"": 1336}",3,/home/latorresn/hyperion-results/sweeps/interval_ns/interval_5000000/sweep_interval_5000000__npb_cg__REF__rep03
34.63891305307642,3.334751816711397,npb_ft,727,828,"{""first_sample_no_delta"": 1, ""warmup_excluded"": 100, ""ok"": 727}",1,/home/latorresn/hyperion-results/sweeps/interval_ns/interval_5000000/sweep_interval_5000000__npb_ft__REF__rep01
36.433974582194125,3.220409415297558,npb_ft,766,867,"{""first_sample_no_delta"": 1, ""warmup_excluded"": 100, ""ok"": 766}",2,/home/latorresn/hyperion-results/sweeps/interval_ns/interval_5000000/sweep_interval_5000000__npb_ft__REF__rep02
34.1896101831061,3.356328128084048,npb_ft,722,823,"{""first_sample_no_delta"": 1, ""warmup_excluded"": 100, ""ok"": 722}",3,/home/latorresn/hyperion-results/sweeps/interval_ns/interval_5000000/sweep_interval_5000000__npb_ft__REF__rep03
14.364364995861795,1.8298216055755325,npb_lu,3253,3454,"{""first_sample_no_delta"": 1, ""warmup_excluded"": 200, ""ok"": 3253}",1,/home/latorresn/hyperion-results/sweeps/interval_ns/interval_5000000/sweep_interval_5000000__npb_lu__REF__rep01
14.511585627484225,1.8173673617035473,npb_lu,3258,3459,"{""first_sample_no_delta"": 1, ""warmup_excluded"": 200, ""ok"": 3258}",2,/home/latorresn/hyperion-results/sweeps/interval_ns/interval_5000000/sweep_interval_5000000__npb_lu__REF__rep02
14.464243444486954,1.8249790485011006,npb_lu,3247,3448,"{""first_sample_no_delta"": 1, ""warmup_excluded"": 200, ""ok"": 3247}",3,/home/latorresn/hyperion-results/sweeps/interval_ns/interval_5000000/sweep_interval_5000000__npb_lu__REF__rep03
16.21668793749554,1.7167228284568588,npb_mg,125,186,"{""first_sample_no_delta"": 1, ""warmup_excluded"": 60, ""ok"": 125}",1,/home/latorresn/hyperion-results/sweeps/interval_ns/interval_5000000/sweep_interval_5000000__npb_mg__REF__rep01
15.913785654522094,1.7149983609513189,npb_mg,125,186,"{""first_sample_no_delta"": 1, ""warmup_excluded"": 60, ""ok"": 125}",2,/home/latorresn/hyperion-results/sweeps/interval_ns/interval_5000000/sweep_interval_5000000__npb_mg__REF__rep02
15.321138622473107,1.6769891857119925,npb_mg,129,190,"{""first_sample_no_delta"": 1, ""warmup_excluded"": 60, ""ok"": 129}",3,/home/latorresn/hyperion-results/sweeps/interval_ns/interval_5000000/sweep_interval_5000000__npb_mg__REF__rep03
30.175067056596696,1.76974079785582,npb_sp,3334,3435,"{""first_sample_no_delta"": 1, ""warmup_excluded"": 100, ""ok"": 3334}",1,/home/latorresn/hyperion-results/sweeps/interval_ns/interval_5000000/sweep_interval_5000000__npb_sp__REF__rep01
30.425809372432283,1.775914596053927,npb_sp,3323,3424,"{""first_sample_no_delta"": 1, ""warmup_excluded"": 100, ""ok"": 3323}",2,/home/latorresn/hyperion-results/sweeps/interval_ns/interval_5000000/sweep_interval_5000000__npb_sp__REF__rep02
30.294830068247293,1.767525396573512,npb_sp,3339,3440,"{""first_sample_no_delta"": 1, ""warmup_excluded"": 100, ""ok"": 3339}",3,/home/latorresn/hyperion-results/sweeps/interval_ns/interval_5000000/sweep_interval_5000000__npb_sp__REF__rep03
