kernel_ref,freq_level_id,repetition,elapsed_s,energy_j
npb_bt,REF,1,27.101054473,3244.892024
npb_bt,REF,2,27.142054333,3254.972813
npb_bt,REF,3,27.166052636,3260.62181
npb_bt,REF,4,27.138052895,3265.126896
npb_bt,REF,5,27.118052957,3295.023865
npb_bt,REF,6,27.157053063,3310.367288
npb_bt,REF,7,27.172054242,3308.869264
npb_bt,REF,8,27.209052761,3263.777199
npb_bt,REF,9,27.178052826,3307.553183
npb_bt,REF,10,27.152052811,3265.914005
npb_bt,F0,1,27.102052785,3284.519715
npb_bt,F0,2,27.267036131,3249.061362
npb_bt,F0,3,27.189053539,3264.731017
npb_bt,F0,4,27.135052695,3246.80909
npb_bt,F0,5,27.065052508,3252.462713
npb_bt,F0,6,27.148052884,3266.275185
npb_bt,F0,7,27.127054858,3281.508033
npb_bt,F0,8,27.185052755,3309.772971
npb_bt,F0,9,27.117059037,3254.056095
npb_bt,F0,10,27.225052644,3312.108317
npb_bt,F1,1,32.411052971,3507.242388
npb_bt,F1,2,32.493052936,3514.295375
npb_bt,F1,3,32.553052968,3543.042977
npb_bt,F1,4,32.57505281,3528.911789
npb_bt,F1,5,32.579053479,3531.44019
npb_bt,F1,6,32.519052569,3539.722028
npb_bt,F1,7,32.543058362,3521.766485
npb_bt,F1,8,32.622052708,3516.23103
npb_bt,F1,9,32.641052949,3532.238459
npb_bt,F1,10,32.581010503,3521.443098
npb_bt,F2,1,41.138052791,4113.369738
npb_bt,F2,2,41.129051815,4201.123569
npb_bt,F2,3,41.187052549,4114.950055
npb_bt,F2,4,41.214052299,4111.895496
npb_bt,F2,5,41.141055391,4117.497953
npb_bt,F2,6,41.153053107,4103.086148
npb_bt,F2,7,41.194052684,4181.031913
npb_bt,F2,8,41.286053461,4197.185936
npb_bt,F2,9,41.168057717,4104.680696
npb_bt,F2,10,41.142052561,4106.832055
npb_bt,F3,1,57.994052598,5385.489015
npb_bt,F3,2,57.820052428,5417.022696
npb_bt,F3,3,57.84105628,5359.429379
npb_bt,F3,4,57.789054287,5391.338095
npb_bt,F3,5,57.79005255,5472.841734
npb_bt,F3,6,57.875052686,5359.646605
npb_bt,F3,7,57.800052512,5458.122601
npb_bt,F3,8,57.976053117,5447.906341
npb_bt,F3,9,57.830053509,5460.147524
npb_bt,F3,10,57.742017033,5374.911278
npb_bt,F4,1,101.029053691,8930.487859
npb_bt,F4,2,100.942056607,8851.250429
npb_bt,F4,3,101.148052612,8895.215026
npb_bt,F4,4,101.173052952,8864.699574
npb_bt,F4,5,101.122053418,8973.806277
npb_bt,F4,6,101.141052929,8862.924868
npb_bt,F4,7,101.028053175,8906.386536
npb_bt,F4,8,101.022053064,8882.644218
npb_bt,F4,9,101.183053436,8894.197113
npb_bt,F4,10,101.162054023,8887.661285
npb_mg,REF,1,0.954053156,127.745678
npb_mg,REF,2,0.960053209,129.004207
npb_mg,REF,3,0.959005244,127.265874
npb_mg,REF,4,0.964053416,129.774511
npb_mg,REF,5,0.960051823,129.836718
npb_mg,REF,6,0.965052942,128.358845
npb_mg,REF,7,0.955055764,127.353403
npb_mg,REF,8,0.962055584,129.864152
npb_mg,REF,9,0.968052684,129.206886
npb_mg,REF,10,0.962052578,128.798687
npb_mg,F0,1,0.961052839,129.15007
npb_mg,F0,2,0.96505271,129.044333
npb_mg,F0,3,0.958011376,127.546641
npb_mg,F0,4,0.957053803,128.183807
npb_mg,F0,5,0.959052489,128.151202
npb_mg,F0,6,0.963053388,127.984454
npb_mg,F0,7,0.96705474,129.243493
npb_mg,F0,8,0.95405275,128.83284
npb_mg,F0,9,0.956052646,127.963329
npb_mg,F0,10,0.955054066,127.914009
npb_mg,F1,1,0.994052664,124.360564
npb_mg,F1,2,0.994052716,125.556386
npb_mg,F1,3,0.991051758,124.047415
npb_mg,F1,4,0.995054321,123.845892
npb_mg,F1,5,1.002053009,124.626941
npb_mg,F1,6,0.999052576,125.977562
npb_mg,F1,7,0.999056327,124.214451
npb_mg,F1,8,1.005052927,126.648699
npb_mg,F1,9,0.994022479,125.382328
npb_mg,F1,10,1.000052636,124.566923
npb_mg,F2,1,1.094052495,127.660114
npb_mg,F2,2,1.098052803,127.744188
npb_mg,F2,3,1.096052585,128.549126
npb_mg,F2,4,1.099051713,127.904738
npb_mg,F2,5,1.098052974,129.001618
npb_mg,F2,6,1.09205251,127.146722
npb_mg,F2,7,1.088052652,126.750476
npb_mg,F2,8,1.089052832,127.367532
npb_mg,F2,9,1.09705298,129.370007
npb_mg,F2,10,1.096052588,129.451453
npb_mg,F3,1,1.352052775,147.562108
npb_mg,F3,2,1.340051614,146.782519
npb_mg,F3,3,1.335052694,146.776835
npb_mg,F3,4,1.342052503,148.138669
npb_mg,F3,5,1.340052629,147.00767
npb_mg,F3,6,1.343053029,146.010978
npb_mg,F3,7,1.343052509,147.37669
npb_mg,F3,8,1.346052311,147.163796
npb_mg,F3,9,1.341052681,146.485363
npb_mg,F3,10,1.383052687,150.709506
npb_mg,F4,1,2.117052619,210.818325
npb_mg,F4,2,2.124051733,212.340769
npb_mg,F4,3,2.113052513,211.463845
npb_mg,F4,4,2.113052741,209.998369
npb_mg,F4,5,2.117052585,210.894244
npb_mg,F4,6,2.136057597,212.190192
npb_mg,F4,7,2.119052602,213.962939
npb_mg,F4,8,2.13205259,212.848059
npb_mg,F4,9,2.126052752,211.886049
npb_mg,F4,10,2.159052844,217.315071
npb_cg,REF,1,7.144053218,951.540631
npb_cg,REF,2,7.15005267,934.220711
npb_cg,REF,3,7.146051654,940.830174
npb_cg,REF,4,7.09905266,925.695578
npb_cg,REF,5,7.177052853,937.55178
npb_cg,REF,6,7.164019008,933.378033
npb_cg,REF,7,7.130053217,931.597499
npb_cg,REF,8,7.066052597,937.767537
npb_cg,REF,9,7.138056178,936.944734
npb_cg,REF,10,7.161052746,934.555334
npb_cg,F0,1,7.145051869,930.72754
npb_cg,F0,2,7.107053036,926.689327
npb_cg,F0,3,7.17905307,934.216005
npb_cg,F0,4,7.188052857,935.799538
npb_cg,F0,5,7.146052816,930.152668
npb_cg,F0,6,7.17105438,933.798566
npb_cg,F0,7,7.128051769,928.224187
npb_cg,F0,8,7.105052873,925.325782
npb_cg,F0,9,7.085022952,924.870816
npb_cg,F0,10,7.128051874,931.584522
npb_cg,F1,1,8.114053004,960.271516
npb_cg,F1,2,8.17005268,971.923432
npb_cg,F1,3,8.061053078,963.774667
npb_cg,F1,4,8.178053256,965.99342
npb_cg,F1,5,8.169053281,972.572292
npb_cg,F1,6,8.084052657,965.575082
npb_cg,F1,7,8.17505305,974.381407
npb_cg,F1,8,8.077053196,963.259275
npb_cg,F1,9,8.090012328,959.664566
npb_cg,F1,10,8.142052655,971.895888
npb_cg,F2,1,10.008052915,1106.624562
npb_cg,F2,2,10.026053917,1106.072762
npb_cg,F2,3,9.972052863,1104.126608
npb_cg,F2,4,9.980052896,1101.336042
npb_cg,F2,5,10.021052632,1108.768133
npb_cg,F2,6,9.962053131,1100.657368
npb_cg,F2,7,9.930052845,1101.111412
npb_cg,F2,8,9.955053328,1091.620902
npb_cg,F2,9,9.97105269,1102.596817
npb_cg,F2,10,9.968053444,1093.756487
npb_cg,F3,1,13.607052566,1387.433886
npb_cg,F3,2,13.734052861,1394.318227
npb_cg,F3,3,13.675052561,1390.498487
npb_cg,F3,4,13.630052476,1382.213132
npb_cg,F3,5,13.647052654,1381.982639
npb_cg,F3,6,13.669053136,1382.526933
npb_cg,F3,7,13.733052459,1394.99606
npb_cg,F3,8,13.595057703,1379.744454
npb_cg,F3,9,13.630052772,1387.051072
npb_cg,F3,10,13.691052308,1392.271068
npb_cg,F4,1,23.730054798,2192.224863
npb_cg,F4,2,23.623052904,2243.208668
npb_cg,F4,3,23.664052474,2232.176872
npb_cg,F4,4,23.705052501,2258.196472
npb_cg,F4,5,23.835052779,2212.597393
npb_cg,F4,6,23.687052633,2188.731409
npb_cg,F4,7,23.694054843,2188.812903
npb_cg,F4,8,23.691053007,2205.975245
npb_cg,F4,9,23.696052452,2257.861619
npb_cg,F4,10,23.752053043,2207.386363
npb_sp,REF,1,18.175056758,2307.42917
npb_sp,REF,2,18.184052517,2303.975149
npb_sp,REF,3,17.866052841,2270.403893
npb_sp,REF,4,18.11405268,2292.201133
npb_sp,REF,5,18.13705273,2315.689213
npb_sp,REF,6,19.346052768,2438.741899
npb_sp,REF,7,18.051053151,2292.842717
npb_sp,REF,8,17.950026779,2280.144871
npb_sp,REF,9,18.049052677,2287.526729
npb_sp,REF,10,18.034052218,2287.958215
npb_sp,F0,1,18.141052801,2305.763322
npb_sp,F0,2,17.987052673,2277.48951
npb_sp,F0,3,18.111052551,2292.606428
npb_sp,F0,4,18.01305552,2312.923125
npb_sp,F0,5,17.987056041,2286.398947
npb_sp,F0,6,18.02205261,2288.513427
npb_sp,F0,7,18.0050532,2283.206723
npb_sp,F0,8,18.134053827,2301.519049
npb_sp,F0,9,17.972052873,2288.13013
npb_sp,F0,10,18.030054044,2299.743731
npb_sp,F1,1,19.668052704,2300.774722
npb_sp,F1,2,19.561058067,2297.77348
npb_sp,F1,3,19.546052924,2331.872256
npb_sp,F1,4,19.496053384,2289.453508
npb_sp,F1,5,19.731056472,2309.124492
npb_sp,F1,6,19.545052699,2315.336362
npb_sp,F1,7,19.647052714,2325.37221
npb_sp,F1,8,19.578052838,2301.760923
npb_sp,F1,9,19.510052719,2300.889705
npb_sp,F1,10,19.770053153,2327.341935
npb_sp,F2,1,22.411052889,2461.17361
npb_sp,F2,2,22.612052688,2505.590571
npb_sp,F2,3,22.598052616,2507.999637
npb_sp,F2,4,22.305052865,2456.896786
npb_sp,F2,5,22.291057754,2441.185065
npb_sp,F2,6,22.400052927,2469.571707
npb_sp,F2,7,22.609054804,2476.306638
npb_sp,F2,8,22.443052868,2456.669204
npb_sp,F2,9,22.379053951,2484.460538
npb_sp,F2,10,22.340052522,2449.059023
npb_sp,F3,1,28.331053207,2874.664201
npb_sp,F3,2,28.225052705,2875.974032
npb_sp,F3,3,28.276054413,2887.409444
npb_sp,F3,4,28.307052554,2933.135017
npb_sp,F3,5,28.179052537,2906.740694
npb_sp,F3,6,28.284052605,2887.638072
npb_sp,F3,7,28.311052599,2889.260405
npb_sp,F3,8,28.292052679,2872.687127
npb_sp,F3,9,28.221052932,2878.7076
npb_sp,F3,10,28.430053211,2885.839155
npb_sp,F4,1,45.239052632,4233.70994
npb_sp,F4,2,45.526053173,4279.204995
npb_sp,F4,3,45.2920525,4252.92891
npb_sp,F4,4,45.240008391,4329.162469
npb_sp,F4,5,45.292052763,4241.124313
npb_sp,F4,6,45.250052589,4268.140741
npb_sp,F4,7,45.277053281,4261.137145
npb_sp,F4,8,45.321053159,4234.721634
npb_sp,F4,9,45.244052563,4334.615559
npb_sp,F4,10,45.279052408,4237.353711
npb_ft,REF,1,4.588052675,595.739875
npb_ft,REF,2,4.455052672,584.705948
npb_ft,REF,3,4.46705255,592.156605
npb_ft,REF,4,4.466052751,586.056808
npb_ft,REF,5,4.465052934,593.088463
npb_ft,REF,6,4.4710529,588.866076
npb_ft,REF,7,4.464052778,586.338703
npb_ft,REF,8,5.044052762,637.046365
npb_ft,REF,9,4.48005299,591.824819
npb_ft,REF,10,4.489052694,586.643873
npb_ft,F0,1,4.90505258,625.460382
npb_ft,F0,2,4.514053582,591.968196
npb_ft,F0,3,4.612052645,597.435518
npb_ft,F0,4,4.488052745,591.159442
npb_ft,F0,5,4.584053008,596.072065
npb_ft,F0,6,4.538010911,591.357147
npb_ft,F0,7,4.510053549,591.008502
npb_ft,F0,8,4.464053532,585.059162
npb_ft,F0,9,4.500052764,590.01083
npb_ft,F0,10,4.462053051,588.894852
npb_ft,F1,1,5.336057923,632.707452
npb_ft,F1,2,5.213054782,611.299698
npb_ft,F1,3,5.493052583,637.416237
npb_ft,F1,4,5.212054252,612.459292
npb_ft,F1,5,5.273052843,620.181627
npb_ft,F1,6,5.203053605,610.256487
npb_ft,F1,7,5.211052713,614.272046
npb_ft,F1,8,5.849053341,669.036492
npb_ft,F1,9,5.228053536,619.65109
npb_ft,F1,10,5.266052705,619.48658
npb_ft,F2,1,6.911052968,734.820957
npb_ft,F2,2,6.440052797,703.650627
npb_ft,F2,3,6.516052499,710.353394
npb_ft,F2,4,6.441052955,697.34994
npb_ft,F2,5,6.541053485,707.28718
npb_ft,F2,6,6.885053077,736.660958
npb_ft,F2,7,6.683051809,714.345237
npb_ft,F2,8,6.436055971,700.054324
npb_ft,F2,9,6.490052837,703.559436
npb_ft,F2,10,6.467052776,708.600536
npb_ft,F3,1,9.011052493,890.372185
npb_ft,F3,2,8.871052754,871.653017
npb_ft,F3,3,9.293052538,906.633333
npb_ft,F3,4,8.9460527,879.622499
npb_ft,F3,5,9.066052726,895.336443
npb_ft,F3,6,9.018052426,894.940444
npb_ft,F3,7,8.783052771,869.253189
npb_ft,F3,8,8.79402262,865.13596
npb_ft,F3,9,9.063052462,889.644316
npb_ft,F3,10,8.848052611,873.525244
npb_ft,F4,1,15.076052526,1383.417289
npb_ft,F4,2,15.100053019,1367.286812
npb_ft,F4,3,14.952052846,1361.649118
npb_ft,F4,4,15.086052946,1394.873166
npb_ft,F4,5,15.017053261,1381.830165
npb_ft,F4,6,14.997053013,1362.753802
npb_ft,F4,7,16.087052731,1482.837202
npb_ft,F4,8,14.981053558,1366.868169
npb_ft,F4,9,15.150052871,1374.828007
npb_ft,F4,10,15.126033425,1370.944648
npb_lu,REF,1,18.782053195,2219.39545
npb_lu,REF,2,18.641054298,2159.825368
npb_lu,REF,3,18.787052366,2175.731071
npb_lu,REF,4,18.909053504,2193.567684
npb_lu,REF,5,18.715052975,2172.350779
npb_lu,REF,6,18.671053138,2169.811284
npb_lu,REF,7,18.656054449,2185.747272
npb_lu,REF,8,18.862054407,2190.27207
npb_lu,REF,9,18.78005366,2182.673655
npb_lu,REF,10,18.751056272,2172.723456
npb_lu,F0,1,18.661056095,2177.614121
npb_lu,F0,2,18.726054297,2169.729707
npb_lu,F0,3,18.658053309,2164.450568
npb_lu,F0,4,18.899057614,2190.529512
npb_lu,F0,5,18.747053559,2171.061181
npb_lu,F0,6,18.819053467,2188.250966
npb_lu,F0,7,18.810053442,2190.537583
npb_lu,F0,8,18.817053367,2179.530813
npb_lu,F0,9,18.729053098,2177.153962
npb_lu,F0,10,18.707053427,2161.329623
npb_lu,F1,1,22.09005339,2369.821834
npb_lu,F1,2,22.095052741,2366.746698
npb_lu,F1,3,22.100052874,2391.851015
npb_lu,F1,4,22.183053131,2370.890173
npb_lu,F1,5,22.099053043,2370.386678
npb_lu,F1,6,22.104039532,2397.766468
npb_lu,F1,7,22.05005302,2364.177203
npb_lu,F1,8,22.141052976,2362.305484
npb_lu,F1,9,22.233052732,2378.424677
npb_lu,F1,10,22.061051782,2395.387306
npb_lu,F2,1,28.088053366,2767.176083
npb_lu,F2,2,27.829052585,2751.219621
npb_lu,F2,3,27.790053416,2754.448156
npb_lu,F2,4,28.065052983,2774.645466
npb_lu,F2,5,27.934052794,2761.993491
npb_lu,F2,6,27.965053677,2767.396622
npb_lu,F2,7,28.106052162,2774.099969
npb_lu,F2,8,27.814053533,2744.74123
npb_lu,F2,9,27.939052752,2807.695901
npb_lu,F2,10,27.746053087,2749.378919
npb_lu,F3,1,38.803052582,3606.646038
npb_lu,F3,2,38.751052671,3598.295929
npb_lu,F3,3,38.797051758,3584.678022
npb_lu,F3,4,38.406051752,3580.582874
npb_lu,F3,5,38.350053189,3545.506258
npb_lu,F3,6,38.400052905,3562.293849
npb_lu,F3,7,38.520052707,3564.398354
npb_lu,F3,8,38.755052668,3628.91236
npb_lu,F3,9,38.354052757,3570.527634
npb_lu,F3,10,38.764052214,3576.416534
npb_lu,F4,1,66.161053139,5846.604343
npb_lu,F4,2,66.778007242,5974.549811
npb_lu,F4,3,65.931052746,5800.674055
npb_lu,F4,4,66.166052675,5838.368699
npb_lu,F4,5,65.898052681,5804.10308
npb_lu,F4,6,66.948052423,5915.160869
npb_lu,F4,7,65.939053054,5827.590615
npb_lu,F4,8,66.176052482,5837.378615
npb_lu,F4,9,66.815052647,5878.707982
npb_lu,F4,10,66.115052857,5812.799822
dgemm_n2048,REF,1,3.045052708,467.097425
dgemm_n2048,REF,2,3.048052748,467.645788
dgemm_n2048,REF,3,3.02605267,465.531568
dgemm_n2048,REF,4,3.031053028,465.984846
dgemm_n2048,REF,5,3.023056069,464.194853
dgemm_n2048,REF,6,3.047053265,467.866586
dgemm_n2048,REF,7,3.042052892,466.361183
dgemm_n2048,REF,8,3.046052878,466.82517
dgemm_n2048,REF,9,3.024052691,463.588484
dgemm_n2048,REF,10,3.052053239,467.994338
dgemm_n2048,F0,1,3.053052884,466.401239
dgemm_n2048,F0,2,3.040052864,464.844418
dgemm_n2048,F0,3,3.067056542,468.777548
dgemm_n2048,F0,4,3.020052849,462.016373
dgemm_n2048,F0,5,3.059022879,468.210269
dgemm_n2048,F0,6,3.043053263,465.434903
dgemm_n2048,F0,7,3.053054725,466.862176
dgemm_n2048,F0,8,3.04205378,465.236152
dgemm_n2048,F0,9,3.051054076,466.290596
dgemm_n2048,F0,10,3.055052827,467.122497
dgemm_n2048,F1,1,3.659052777,490.981482
dgemm_n2048,F1,2,3.665052846,488.513185
dgemm_n2048,F1,3,3.652052827,490.110182
dgemm_n2048,F1,4,3.655052726,485.117408
dgemm_n2048,F1,5,3.671053618,492.173577
dgemm_n2048,F1,6,3.671055812,487.063177
dgemm_n2048,F1,7,3.657053138,488.862722
dgemm_n2048,F1,8,3.673055797,488.332461
dgemm_n2048,F1,9,3.663052964,485.731983
dgemm_n2048,F1,10,3.664052896,487.518032
dgemm_n2048,F2,1,4.683035303,540.157341
dgemm_n2048,F2,2,4.634052742,539.347189
dgemm_n2048,F2,3,4.68405279,543.653881
dgemm_n2048,F2,4,4.693021045,544.015616
dgemm_n2048,F2,5,4.632053009,537.450169
dgemm_n2048,F2,6,4.687052701,543.168003
dgemm_n2048,F2,7,4.690052678,545.162982
dgemm_n2048,F2,8,4.698053096,544.062001
dgemm_n2048,F2,9,4.684052825,543.662217
dgemm_n2048,F2,10,4.694052598,544.977568
dgemm_n2048,F3,1,6.63205255,684.199972
dgemm_n2048,F3,2,6.638053079,686.178889
dgemm_n2048,F3,3,6.618052566,692.984802
dgemm_n2048,F3,4,6.634052569,686.600498
dgemm_n2048,F3,5,6.538052497,687.75333
dgemm_n2048,F3,6,6.631052568,687.945717
dgemm_n2048,F3,7,6.537052566,679.907984
dgemm_n2048,F3,8,6.609052552,684.988402
dgemm_n2048,F3,9,6.585052827,682.439388
dgemm_n2048,F3,10,6.536056105,677.79665
dgemm_n2048,F4,1,11.622052911,1072.307764
dgemm_n2048,F4,2,11.658053664,1079.008861
dgemm_n2048,F4,3,11.571052426,1070.212985
dgemm_n2048,F4,4,11.48005288,1075.889256
dgemm_n2048,F4,5,11.651052516,1075.665914
dgemm_n2048,F4,6,11.647052407,1081.039671
dgemm_n2048,F4,7,11.649057405,1080.307721
dgemm_n2048,F4,8,11.622052773,1072.480739
dgemm_n2048,F4,9,11.65605394,1082.971429
dgemm_n2048,F4,10,11.654052522,1074.955767
rodinia_lavamd_omp,REF,1,7.800052569,906.458092
rodinia_lavamd_omp,REF,2,7.804053159,908.413057
rodinia_lavamd_omp,REF,3,7.80005244,914.222286
rodinia_lavamd_omp,REF,4,7.799052568,904.535584
rodinia_lavamd_omp,REF,5,7.80105347,908.08295
rodinia_lavamd_omp,REF,6,7.802027781,910.14553
rodinia_lavamd_omp,REF,7,7.86302401,909.751949
rodinia_lavamd_omp,REF,8,7.800052648,906.366142
rodinia_lavamd_omp,REF,9,7.864052786,909.395886
rodinia_lavamd_omp,REF,10,8.72905419,990.136521
rodinia_lavamd_omp,F0,1,7.802011435,914.114172
rodinia_lavamd_omp,F0,2,7.801054001,902.050565
rodinia_lavamd_omp,F0,3,7.80205322,907.874987
rodinia_lavamd_omp,F0,4,7.802054075,914.883906
rodinia_lavamd_omp,F0,5,7.804053475,913.18995
rodinia_lavamd_omp,F0,6,7.800053973,905.576252
rodinia_lavamd_omp,F0,7,7.802052427,903.725569
rodinia_lavamd_omp,F0,8,7.801053353,913.967901
rodinia_lavamd_omp,F0,9,7.801053481,909.190375
rodinia_lavamd_omp,F0,10,7.864052663,918.82665
rodinia_lavamd_omp,F1,1,9.610053266,999.469983
rodinia_lavamd_omp,F1,2,9.609053251,999.0739
rodinia_lavamd_omp,F1,3,9.68305336,1018.414318
rodinia_lavamd_omp,F1,4,9.610052455,995.057377
rodinia_lavamd_omp,F1,5,10.753056049,1098.064685
rodinia_lavamd_omp,F1,6,9.610053185,1002.750018
rodinia_lavamd_omp,F1,7,9.6100527,1000.974619
rodinia_lavamd_omp,F1,8,9.610053333,1000.152708
rodinia_lavamd_omp,F1,9,9.608053168,1001.966316
rodinia_lavamd_omp,F1,10,9.611054223,1006.767634
rodinia_lavamd_omp,F2,1,12.509053853,1209.754315
rodinia_lavamd_omp,F2,2,12.509052438,1210.259827
rodinia_lavamd_omp,F2,3,12.511055604,1209.441354
rodinia_lavamd_omp,F2,4,12.511053033,1210.028499
rodinia_lavamd_omp,F2,5,12.510052716,1207.847291
rodinia_lavamd_omp,F2,6,12.51005354,1205.213253
rodinia_lavamd_omp,F2,7,12.509052321,1206.060559
rodinia_lavamd_omp,F2,8,12.513054023,1210.821702
rodinia_lavamd_omp,F2,9,12.509052547,1209.35337
rodinia_lavamd_omp,F2,10,12.511021878,1208.271328
rodinia_lavamd_omp,F3,1,17.929054018,1643.503486
rodinia_lavamd_omp,F3,2,18.165052577,1616.473946
rodinia_lavamd_omp,F3,3,18.171052484,1620.933282
rodinia_lavamd_omp,F3,4,18.16305326,1648.56987
rodinia_lavamd_omp,F3,5,17.929052562,1611.670191
rodinia_lavamd_omp,F3,6,17.932053522,1638.91624
rodinia_lavamd_omp,F3,7,17.930053554,1617.780273
rodinia_lavamd_omp,F3,8,17.932053732,1650.027413
rodinia_lavamd_omp,F3,9,17.934053362,1599.033811
rodinia_lavamd_omp,F3,10,17.933052317,1648.020669
rodinia_lavamd_omp,F4,1,32.310053607,2783.842627
rodinia_lavamd_omp,F4,2,32.311052607,2787.510332
rodinia_lavamd_omp,F4,3,31.678052551,2763.233965
rodinia_lavamd_omp,F4,4,31.701054488,2766.359382
rodinia_lavamd_omp,F4,5,32.313052581,2773.716419
rodinia_lavamd_omp,F4,6,31.71005238,2734.223012
rodinia_lavamd_omp,F4,7,31.669052579,2732.197801
rodinia_lavamd_omp,F4,8,32.299052569,2776.692491
rodinia_lavamd_omp,F4,9,31.677057463,2723.394916
rodinia_lavamd_omp,F4,10,31.684054655,2717.659432
rajaperf_polybench_3mm_omp,REF,1,13.485052546,1525.538053
rajaperf_polybench_3mm_omp,REF,2,13.484052685,1528.124925
rajaperf_polybench_3mm_omp,REF,3,13.669052528,1574.094928
rajaperf_polybench_3mm_omp,REF,4,13.525052517,1536.656636
rajaperf_polybench_3mm_omp,REF,5,13.6110561,1539.630003
rajaperf_polybench_3mm_omp,REF,6,13.431052424,1545.493316
rajaperf_polybench_3mm_omp,REF,7,13.609052489,1531.021434
rajaperf_polybench_3mm_omp,REF,8,13.648052588,1541.882897
rajaperf_polybench_3mm_omp,REF,9,13.520052585,1523.872879
rajaperf_polybench_3mm_omp,REF,10,13.496052451,1520.872379
rajaperf_polybench_3mm_omp,F0,1,13.7040523,1540.094797
rajaperf_polybench_3mm_omp,F0,2,13.645052517,1539.055907
rajaperf_polybench_3mm_omp,F0,3,13.503052537,1529.041836
rajaperf_polybench_3mm_omp,F0,4,13.435052506,1537.428803
rajaperf_polybench_3mm_omp,F0,5,13.713055948,1573.120826
rajaperf_polybench_3mm_omp,F0,6,13.629052957,1542.750903
rajaperf_polybench_3mm_omp,F0,7,13.571052595,1533.148474
rajaperf_polybench_3mm_omp,F0,8,13.42505214,1519.878432
rajaperf_polybench_3mm_omp,F0,9,13.551055597,1528.331726
rajaperf_polybench_3mm_omp,F0,10,13.658052571,1546.633606
rajaperf_polybench_3mm_omp,F1,1,16.679056237,1728.303303
rajaperf_polybench_3mm_omp,F1,2,16.671052827,1723.315187
rajaperf_polybench_3mm_omp,F1,3,16.65605262,1733.197873
rajaperf_polybench_3mm_omp,F1,4,16.649052933,1726.017334
rajaperf_polybench_3mm_omp,F1,5,16.802052366,1748.753055
rajaperf_polybench_3mm_omp,F1,6,16.61605525,1721.830452
rajaperf_polybench_3mm_omp,F1,7,16.726052422,1728.548808
rajaperf_polybench_3mm_omp,F1,8,16.692052507,1734.173054
rajaperf_polybench_3mm_omp,F1,9,16.57605315,1722.41916
rajaperf_polybench_3mm_omp,F1,10,16.684052608,1735.352401
rajaperf_polybench_3mm_omp,F2,1,21.543052529,2087.617863
rajaperf_polybench_3mm_omp,F2,2,21.478052845,2096.399964
rajaperf_polybench_3mm_omp,F2,3,21.471052543,2061.557203
rajaperf_polybench_3mm_omp,F2,4,21.539052697,2071.61256
rajaperf_polybench_3mm_omp,F2,5,21.567052553,2068.710565
rajaperf_polybench_3mm_omp,F2,6,21.48805253,2080.713108
rajaperf_polybench_3mm_omp,F2,7,21.477052834,2051.480591
rajaperf_polybench_3mm_omp,F2,8,21.509052507,2089.039861
rajaperf_polybench_3mm_omp,F2,9,21.607052506,2084.471606
rajaperf_polybench_3mm_omp,F2,10,21.491053049,2093.575133
rajaperf_polybench_3mm_omp,F3,1,30.831052502,2750.13352
rajaperf_polybench_3mm_omp,F3,2,30.83205249,2810.805508
rajaperf_polybench_3mm_omp,F3,3,30.835052467,2836.057111
rajaperf_polybench_3mm_omp,F3,4,30.866052539,2764.459024
rajaperf_polybench_3mm_omp,F3,5,30.842052849,2841.734212
rajaperf_polybench_3mm_omp,F3,6,30.816052439,2752.092522
rajaperf_polybench_3mm_omp,F3,7,30.807056228,2761.10304
rajaperf_polybench_3mm_omp,F3,8,30.833052477,2840.311253
rajaperf_polybench_3mm_omp,F3,9,30.848052509,2771.807016
rajaperf_polybench_3mm_omp,F3,10,30.83605252,2788.975663
rajaperf_polybench_3mm_omp,F4,1,54.781052615,4735.849757
rajaperf_polybench_3mm_omp,F4,2,54.854052927,4726.454634
rajaperf_polybench_3mm_omp,F4,3,54.824052662,4728.042144
rajaperf_polybench_3mm_omp,F4,4,54.755052521,4772.723549
rajaperf_polybench_3mm_omp,F4,5,54.838052607,4723.499177
rajaperf_polybench_3mm_omp,F4,6,54.691052432,4746.250675
rajaperf_polybench_3mm_omp,F4,7,54.881052577,4783.858231
rajaperf_polybench_3mm_omp,F4,8,54.85405268,4738.048236
rajaperf_polybench_3mm_omp,F4,9,54.778052566,4737.717395
rajaperf_polybench_3mm_omp,F4,10,54.80805258,4741.029811
