ipc_cv_pct,ipc_mean,kernel_ref,n_gpu_telemetry,n_windows_ok,n_windows_total,quality_json,repetition,run_dir
,,gpu_dgemm_n4096,825,,5319,"{""first_sample_no_delta"": 1, ""warmup_excluded"": 394, ""pmu_degraded"": 3885, ""intensity_undefined"": 72, ""ok"": 142, ""gpu_telemetry"": 825}",1,/home/latorresn/hyperion-results/sweeps/repetitions/runs/sweep_repetitions__gpu_dgemm_n4096__REF__rep01
,,gpu_dgemm_n4096,750,,5237,"{""first_sample_no_delta"": 1, ""warmup_excluded"": 388, ""pmu_degraded"": 3886, ""intensity_undefined"": 71, ""ok"": 141, ""gpu_telemetry"": 750}",2,/home/latorresn/hyperion-results/sweeps/repetitions/runs/sweep_repetitions__gpu_dgemm_n4096__REF__rep02
,,gpu_dgemm_n4096,752,,5244,"{""first_sample_no_delta"": 1, ""warmup_excluded"": 394, ""pmu_degraded"": 3885, ""intensity_undefined"": 76, ""ok"": 136, ""gpu_telemetry"": 752}",3,/home/latorresn/hyperion-results/sweeps/repetitions/runs/sweep_repetitions__gpu_dgemm_n4096__REF__rep03
,,gpu_dgemm_n4096,806,,5300,"{""first_sample_no_delta"": 1, ""warmup_excluded"": 392, ""pmu_degraded"": 3886, ""intensity_undefined"": 77, ""ok"": 138, ""gpu_telemetry"": 806}",4,/home/latorresn/hyperion-results/sweeps/repetitions/runs/sweep_repetitions__gpu_dgemm_n4096__REF__rep04
,,gpu_dgemm_n4096,808,,5301,"{""first_sample_no_delta"": 1, ""warmup_excluded"": 393, ""pmu_degraded"": 3886, ""intensity_undefined"": 72, ""ok"": 141, ""gpu_telemetry"": 808}",5,/home/latorresn/hyperion-results/sweeps/repetitions/runs/sweep_repetitions__gpu_dgemm_n4096__REF__rep05
,,gpu_dgemm_n4096,806,,5301,"{""first_sample_no_delta"": 1, ""warmup_excluded"": 393, ""pmu_degraded"": 3885, ""intensity_undefined"": 78, ""ok"": 138, ""gpu_telemetry"": 806}",6,/home/latorresn/hyperion-results/sweeps/repetitions/runs/sweep_repetitions__gpu_dgemm_n4096__REF__rep06
,,gpu_dgemm_n4096,805,,5286,"{""first_sample_no_delta"": 1, ""warmup_excluded"": 393, ""pmu_degraded"": 3876, ""intensity_undefined"": 73, ""ok"": 138, ""gpu_telemetry"": 805}",7,/home/latorresn/hyperion-results/sweeps/repetitions/runs/sweep_repetitions__gpu_dgemm_n4096__REF__rep07
,,gpu_dgemm_n4096,808,,5305,"{""first_sample_no_delta"": 1, ""warmup_excluded"": 394, ""pmu_degraded"": 3884, ""intensity_undefined"": 79, ""ok"": 139, ""gpu_telemetry"": 808}",8,/home/latorresn/hyperion-results/sweeps/repetitions/runs/sweep_repetitions__gpu_dgemm_n4096__REF__rep08
,,gpu_dgemm_n4096,811,,5297,"{""first_sample_no_delta"": 1, ""warmup_excluded"": 388, ""pmu_degraded"": 3885, ""intensity_undefined"": 73, ""ok"": 139, ""gpu_telemetry"": 811}",9,/home/latorresn/hyperion-results/sweeps/repetitions/runs/sweep_repetitions__gpu_dgemm_n4096__REF__rep09
,,gpu_dgemm_n4096,811,,5303,"{""first_sample_no_delta"": 1, ""warmup_excluded"": 391, ""pmu_degraded"": 3886, ""intensity_undefined"": 73, ""ok"": 141, ""gpu_telemetry"": 811}",10,/home/latorresn/hyperion-results/sweeps/repetitions/runs/sweep_repetitions__gpu_dgemm_n4096__REF__rep10
23.009807368385328,2.852576245104323,npb_bt,,25015,25096,"{""first_sample_no_delta"": 1, ""warmup_excluded"": 80, ""ok"": 25015}",1,/home/latorresn/hyperion-results/sweeps/repetitions/runs/sweep_repetitions__npb_bt__REF__rep01
22.740659506510358,2.8610518203872997,npb_bt,,24937,25018,"{""first_sample_no_delta"": 1, ""warmup_excluded"": 80, ""ok"": 24937}",2,/home/latorresn/hyperion-results/sweeps/repetitions/runs/sweep_repetitions__npb_bt__REF__rep02
22.372070261200523,2.8646075231712578,npb_bt,,24906,24987,"{""first_sample_no_delta"": 1, ""warmup_excluded"": 80, ""ok"": 24906}",3,/home/latorresn/hyperion-results/sweeps/repetitions/runs/sweep_repetitions__npb_bt__REF__rep03
22.291029224657898,2.8666713230625054,npb_bt,,24889,24970,"{""first_sample_no_delta"": 1, ""warmup_excluded"": 80, ""ok"": 24889}",4,/home/latorresn/hyperion-results/sweeps/repetitions/runs/sweep_repetitions__npb_bt__REF__rep04
21.986262178730954,2.868771120470861,npb_bt,,24869,24950,"{""first_sample_no_delta"": 1, ""warmup_excluded"": 80, ""ok"": 24869}",5,/home/latorresn/hyperion-results/sweeps/repetitions/runs/sweep_repetitions__npb_bt__REF__rep05
22.82383024276233,2.8612300573564804,npb_bt,,24939,25020,"{""first_sample_no_delta"": 1, ""warmup_excluded"": 80, ""ok"": 24939}",6,/home/latorresn/hyperion-results/sweeps/repetitions/runs/sweep_repetitions__npb_bt__REF__rep06
22.408524774005652,2.8667332497778486,npb_bt,,24888,24969,"{""first_sample_no_delta"": 1, ""warmup_excluded"": 80, ""ok"": 24888}",7,/home/latorresn/hyperion-results/sweeps/repetitions/runs/sweep_repetitions__npb_bt__REF__rep07
21.899847307709287,2.873229595892349,npb_bt,,24828,24909,"{""first_sample_no_delta"": 1, ""warmup_excluded"": 80, ""ok"": 24828}",8,/home/latorresn/hyperion-results/sweeps/repetitions/runs/sweep_repetitions__npb_bt__REF__rep08
22.527214203426364,2.859387803461204,npb_bt,,24953,25034,"{""first_sample_no_delta"": 1, ""warmup_excluded"": 80, ""ok"": 24953}",9,/home/latorresn/hyperion-results/sweeps/repetitions/runs/sweep_repetitions__npb_bt__REF__rep09
22.6229188976386,2.8564613946204562,npb_bt,,24981,25062,"{""first_sample_no_delta"": 1, ""warmup_excluded"": 80, ""ok"": 24981}",10,/home/latorresn/hyperion-results/sweeps/repetitions/runs/sweep_repetitions__npb_bt__REF__rep10
14.23344811248757,1.7191021599187488,npb_cg,,6876,6947,"{""first_sample_no_delta"": 1, ""warmup_excluded"": 70, ""ok"": 6876}",1,/home/latorresn/hyperion-results/sweeps/repetitions/runs/sweep_repetitions__npb_cg__REF__rep01
11.623499247428693,1.76187604630073,npb_cg,,6674,6745,"{""first_sample_no_delta"": 1, ""warmup_excluded"": 70, ""ok"": 6674}",2,/home/latorresn/hyperion-results/sweeps/repetitions/runs/sweep_repetitions__npb_cg__REF__rep02
12.296235960701171,1.7717120518355651,npb_cg,,6650,6721,"{""first_sample_no_delta"": 1, ""warmup_excluded"": 70, ""ok"": 6650}",3,/home/latorresn/hyperion-results/sweeps/repetitions/runs/sweep_repetitions__npb_cg__REF__rep03
14.685671119926333,1.7706817191376663,npb_cg,,6616,6687,"{""first_sample_no_delta"": 1, ""warmup_excluded"": 70, ""ok"": 6616}",4,/home/latorresn/hyperion-results/sweeps/repetitions/runs/sweep_repetitions__npb_cg__REF__rep04
14.200378120682009,1.7634850174655718,npb_cg,,6706,6777,"{""first_sample_no_delta"": 1, ""warmup_excluded"": 70, ""ok"": 6706}",5,/home/latorresn/hyperion-results/sweeps/repetitions/runs/sweep_repetitions__npb_cg__REF__rep05
13.64885091619598,1.754590801932516,npb_cg,,6726,6797,"{""first_sample_no_delta"": 1, ""warmup_excluded"": 70, ""ok"": 6726}",6,/home/latorresn/hyperion-results/sweeps/repetitions/runs/sweep_repetitions__npb_cg__REF__rep06
12.569042172518191,1.7673606523620027,npb_cg,,6671,6742,"{""first_sample_no_delta"": 1, ""warmup_excluded"": 70, ""ok"": 6671}",7,/home/latorresn/hyperion-results/sweeps/repetitions/runs/sweep_repetitions__npb_cg__REF__rep07
12.900191985814304,1.7882233782808767,npb_cg,,6605,6676,"{""first_sample_no_delta"": 1, ""warmup_excluded"": 70, ""ok"": 6605}",8,/home/latorresn/hyperion-results/sweeps/repetitions/runs/sweep_repetitions__npb_cg__REF__rep08
14.056767353139414,1.7794693340506313,npb_cg,,6641,6712,"{""first_sample_no_delta"": 1, ""warmup_excluded"": 70, ""ok"": 6641}",9,/home/latorresn/hyperion-results/sweeps/repetitions/runs/sweep_repetitions__npb_cg__REF__rep09
12.214726443369743,1.740796042023223,npb_cg,,6762,6833,"{""first_sample_no_delta"": 1, ""warmup_excluded"": 70, ""ok"": 6762}",10,/home/latorresn/hyperion-results/sweeps/repetitions/runs/sweep_repetitions__npb_cg__REF__rep10
36.1889305151815,3.3178723947122646,npb_ft,,3664,4165,"{""first_sample_no_delta"": 1, ""warmup_excluded"": 500, ""ok"": 3664}",1,/home/latorresn/hyperion-results/sweeps/repetitions/runs/sweep_repetitions__npb_ft__REF__rep01
40.10394704907711,3.174420713012692,npb_ft,,3894,4395,"{""first_sample_no_delta"": 1, ""warmup_excluded"": 500, ""ok"": 3894}",2,/home/latorresn/hyperion-results/sweeps/repetitions/runs/sweep_repetitions__npb_ft__REF__rep02
35.56549267429507,3.3305584824344803,npb_ft,,3649,4150,"{""first_sample_no_delta"": 1, ""warmup_excluded"": 500, ""ok"": 3649}",3,/home/latorresn/hyperion-results/sweeps/repetitions/runs/sweep_repetitions__npb_ft__REF__rep03
36.70876417452569,3.296476610086324,npb_ft,,3688,4189,"{""first_sample_no_delta"": 1, ""warmup_excluded"": 500, ""ok"": 3688}",4,/home/latorresn/hyperion-results/sweeps/repetitions/runs/sweep_repetitions__npb_ft__REF__rep04
35.89735068838566,3.3252076158560153,npb_ft,,3655,4156,"{""first_sample_no_delta"": 1, ""warmup_excluded"": 500, ""ok"": 3655}",5,/home/latorresn/hyperion-results/sweeps/repetitions/runs/sweep_repetitions__npb_ft__REF__rep05
36.58034730242141,3.28282857794052,npb_ft,,3704,4205,"{""first_sample_no_delta"": 1, ""warmup_excluded"": 500, ""ok"": 3704}",6,/home/latorresn/hyperion-results/sweeps/repetitions/runs/sweep_repetitions__npb_ft__REF__rep06
38.808378497826936,3.2060865463072448,npb_ft,,3798,4299,"{""first_sample_no_delta"": 1, ""warmup_excluded"": 500, ""ok"": 3798}",7,/home/latorresn/hyperion-results/sweeps/repetitions/runs/sweep_repetitions__npb_ft__REF__rep07
35.61477072714423,3.3256171720736027,npb_ft,,3656,4157,"{""first_sample_no_delta"": 1, ""warmup_excluded"": 500, ""ok"": 3656}",8,/home/latorresn/hyperion-results/sweeps/repetitions/runs/sweep_repetitions__npb_ft__REF__rep08
36.56873103675214,3.2829501768579163,npb_ft,,3704,4205,"{""first_sample_no_delta"": 1, ""warmup_excluded"": 500, ""ok"": 3704}",9,/home/latorresn/hyperion-results/sweeps/repetitions/runs/sweep_repetitions__npb_ft__REF__rep09
38.37317154067836,3.2270999035745023,npb_ft,,3772,4274,"{""first_sample_no_delta"": 1, ""warmup_excluded"": 500, ""ok"": 3772, ""intensity_undefined"": 1}",10,/home/latorresn/hyperion-results/sweeps/repetitions/runs/sweep_repetitions__npb_ft__REF__rep10
21.803745312267257,1.8223648558622336,npb_lu,,16301,17302,"{""first_sample_no_delta"": 1, ""warmup_excluded"": 1000, ""ok"": 16301}",1,/home/latorresn/hyperion-results/sweeps/repetitions/runs/sweep_repetitions__npb_lu__REF__rep01
21.92116795765494,1.8167842059373418,npb_lu,,16355,17356,"{""first_sample_no_delta"": 1, ""warmup_excluded"": 1000, ""ok"": 16355}",2,/home/latorresn/hyperion-results/sweeps/repetitions/runs/sweep_repetitions__npb_lu__REF__rep02
22.05424498994619,1.8196247553430742,npb_lu,,16410,17411,"{""first_sample_no_delta"": 1, ""warmup_excluded"": 1000, ""ok"": 16410}",3,/home/latorresn/hyperion-results/sweeps/repetitions/runs/sweep_repetitions__npb_lu__REF__rep03
22.194823797610734,1.8226180311169358,npb_lu,,16294,17295,"{""first_sample_no_delta"": 1, ""warmup_excluded"": 1000, ""ok"": 16294}",4,/home/latorresn/hyperion-results/sweeps/repetitions/runs/sweep_repetitions__npb_lu__REF__rep04
22.154332762582456,1.8161387904900188,npb_lu,,16365,17366,"{""first_sample_no_delta"": 1, ""warmup_excluded"": 1000, ""ok"": 16365}",5,/home/latorresn/hyperion-results/sweeps/repetitions/runs/sweep_repetitions__npb_lu__REF__rep05
21.696966208868027,1.8314022467045223,npb_lu,,16212,17213,"{""first_sample_no_delta"": 1, ""warmup_excluded"": 1000, ""ok"": 16212}",6,/home/latorresn/hyperion-results/sweeps/repetitions/runs/sweep_repetitions__npb_lu__REF__rep06
22.207681592437194,1.8178197082830234,npb_lu,,16337,17338,"{""first_sample_no_delta"": 1, ""warmup_excluded"": 1000, ""ok"": 16337}",7,/home/latorresn/hyperion-results/sweeps/repetitions/runs/sweep_repetitions__npb_lu__REF__rep07
22.43343724587236,1.8071784271506248,npb_lu,,16459,17460,"{""first_sample_no_delta"": 1, ""warmup_excluded"": 1000, ""ok"": 16459}",8,/home/latorresn/hyperion-results/sweeps/repetitions/runs/sweep_repetitions__npb_lu__REF__rep08
22.03380077132845,1.81688569490616,npb_lu,,16361,17362,"{""first_sample_no_delta"": 1, ""warmup_excluded"": 1000, ""ok"": 16361}",9,/home/latorresn/hyperion-results/sweeps/repetitions/runs/sweep_repetitions__npb_lu__REF__rep09
21.99273592854277,1.8221408769911482,npb_lu,,16377,17378,"{""first_sample_no_delta"": 1, ""warmup_excluded"": 1000, ""ok"": 16377}",10,/home/latorresn/hyperion-results/sweeps/repetitions/runs/sweep_repetitions__npb_lu__REF__rep10
23.20673387145887,1.7139975112756682,npb_mg,,629,930,"{""first_sample_no_delta"": 1, ""warmup_excluded"": 300, ""ok"": 629}",1,/home/latorresn/hyperion-results/sweeps/repetitions/runs/sweep_repetitions__npb_mg__REF__rep01
23.251815093317386,1.6991571611254483,npb_mg,,637,938,"{""first_sample_no_delta"": 1, ""warmup_excluded"": 300, ""ok"": 637}",2,/home/latorresn/hyperion-results/sweeps/repetitions/runs/sweep_repetitions__npb_mg__REF__rep02
22.520797413762125,1.6990194628160438,npb_mg,,637,938,"{""first_sample_no_delta"": 1, ""warmup_excluded"": 300, ""ok"": 637}",3,/home/latorresn/hyperion-results/sweeps/repetitions/runs/sweep_repetitions__npb_mg__REF__rep03
22.987171881526322,1.7012798114362588,npb_mg,,636,937,"{""first_sample_no_delta"": 1, ""warmup_excluded"": 300, ""ok"": 636}",4,/home/latorresn/hyperion-results/sweeps/repetitions/runs/sweep_repetitions__npb_mg__REF__rep04
22.6442851972463,1.7089789847053418,npb_mg,,631,932,"{""first_sample_no_delta"": 1, ""warmup_excluded"": 300, ""ok"": 631}",5,/home/latorresn/hyperion-results/sweeps/repetitions/runs/sweep_repetitions__npb_mg__REF__rep05
22.961075378242693,1.7088436109547962,npb_mg,,631,932,"{""first_sample_no_delta"": 1, ""warmup_excluded"": 300, ""ok"": 631}",6,/home/latorresn/hyperion-results/sweeps/repetitions/runs/sweep_repetitions__npb_mg__REF__rep06
23.364083382646225,1.6987887870932477,npb_mg,,638,939,"{""first_sample_no_delta"": 1, ""warmup_excluded"": 300, ""ok"": 638}",7,/home/latorresn/hyperion-results/sweeps/repetitions/runs/sweep_repetitions__npb_mg__REF__rep07
23.285085188162043,1.6964073522112901,npb_mg,,640,941,"{""first_sample_no_delta"": 1, ""warmup_excluded"": 300, ""ok"": 640}",8,/home/latorresn/hyperion-results/sweeps/repetitions/runs/sweep_repetitions__npb_mg__REF__rep08
23.812792137101635,1.6650301738197768,npb_mg,,655,956,"{""first_sample_no_delta"": 1, ""warmup_excluded"": 300, ""ok"": 655}",9,/home/latorresn/hyperion-results/sweeps/repetitions/runs/sweep_repetitions__npb_mg__REF__rep09
22.40363351076228,1.698421489068996,npb_mg,,637,938,"{""first_sample_no_delta"": 1, ""warmup_excluded"": 300, ""ok"": 637}",10,/home/latorresn/hyperion-results/sweeps/repetitions/runs/sweep_repetitions__npb_mg__REF__rep10
40.86734980297429,1.7597232621576167,npb_sp,,16818,17319,"{""first_sample_no_delta"": 1, ""warmup_excluded"": 500, ""ok"": 16818}",1,/home/latorresn/hyperion-results/sweeps/repetitions/runs/sweep_repetitions__npb_sp__REF__rep01
40.56212538163759,1.7789987333017627,npb_sp,,16626,17127,"{""first_sample_no_delta"": 1, ""warmup_excluded"": 500, ""ok"": 16626}",2,/home/latorresn/hyperion-results/sweeps/repetitions/runs/sweep_repetitions__npb_sp__REF__rep02
41.06885534789394,1.7634639452443652,npb_sp,,16784,17285,"{""first_sample_no_delta"": 1, ""warmup_excluded"": 500, ""ok"": 16784}",3,/home/latorresn/hyperion-results/sweeps/repetitions/runs/sweep_repetitions__npb_sp__REF__rep03
40.75420237558685,1.7737110812057935,npb_sp,,16676,17177,"{""first_sample_no_delta"": 1, ""warmup_excluded"": 500, ""ok"": 16676}",4,/home/latorresn/hyperion-results/sweeps/repetitions/runs/sweep_repetitions__npb_sp__REF__rep04
41.04416221754715,1.7576702540475249,npb_sp,,16837,17338,"{""first_sample_no_delta"": 1, ""warmup_excluded"": 500, ""ok"": 16837}",5,/home/latorresn/hyperion-results/sweeps/repetitions/runs/sweep_repetitions__npb_sp__REF__rep05
40.151232910677074,1.781257176055211,npb_sp,,16601,17102,"{""first_sample_no_delta"": 1, ""warmup_excluded"": 500, ""ok"": 16601}",6,/home/latorresn/hyperion-results/sweeps/repetitions/runs/sweep_repetitions__npb_sp__REF__rep06
41.39076308544656,1.7516769036317599,npb_sp,,16893,17394,"{""first_sample_no_delta"": 1, ""warmup_excluded"": 500, ""ok"": 16893}",7,/home/latorresn/hyperion-results/sweeps/repetitions/runs/sweep_repetitions__npb_sp__REF__rep07
40.97528035301439,1.7633471001155752,npb_sp,,16781,17282,"{""first_sample_no_delta"": 1, ""warmup_excluded"": 500, ""ok"": 16781}",8,/home/latorresn/hyperion-results/sweeps/repetitions/runs/sweep_repetitions__npb_sp__REF__rep08
41.04913766915993,1.762658593590172,npb_sp,,16784,17285,"{""first_sample_no_delta"": 1, ""warmup_excluded"": 500, ""ok"": 16784}",9,/home/latorresn/hyperion-results/sweeps/repetitions/runs/sweep_repetitions__npb_sp__REF__rep09
40.790343022897645,1.7620765961599127,npb_sp,,16787,17288,"{""first_sample_no_delta"": 1, ""warmup_excluded"": 500, ""ok"": 16787}",10,/home/latorresn/hyperion-results/sweeps/repetitions/runs/sweep_repetitions__npb_sp__REF__rep10
,,rodinia_backprop,146,,986,"{""first_sample_no_delta"": 1, ""warmup_excluded"": 825, ""pmu_degraded"": 14, ""gpu_telemetry"": 146}",1,/home/latorresn/hyperion-results/sweeps/repetitions/runs/sweep_repetitions__rodinia_backprop__REF__rep01
,,rodinia_backprop,152,,1000,"{""first_sample_no_delta"": 1, ""warmup_excluded"": 832, ""pmu_degraded"": 15, ""gpu_telemetry"": 152}",2,/home/latorresn/hyperion-results/sweeps/repetitions/runs/sweep_repetitions__rodinia_backprop__REF__rep02
,,rodinia_backprop,148,,983,"{""first_sample_no_delta"": 1, ""warmup_excluded"": 819, ""pmu_degraded"": 15, ""gpu_telemetry"": 148}",3,/home/latorresn/hyperion-results/sweeps/repetitions/runs/sweep_repetitions__rodinia_backprop__REF__rep03
,,rodinia_backprop,145,,984,"{""first_sample_no_delta"": 1, ""warmup_excluded"": 823, ""pmu_degraded"": 15, ""gpu_telemetry"": 145}",4,/home/latorresn/hyperion-results/sweeps/repetitions/runs/sweep_repetitions__rodinia_backprop__REF__rep04
,,rodinia_backprop,149,,980,"{""first_sample_no_delta"": 1, ""warmup_excluded"": 815, ""pmu_degraded"": 15, ""gpu_telemetry"": 149}",5,/home/latorresn/hyperion-results/sweeps/repetitions/runs/sweep_repetitions__rodinia_backprop__REF__rep05
,,rodinia_backprop,151,,990,"{""first_sample_no_delta"": 1, ""warmup_excluded"": 823, ""pmu_degraded"": 15, ""gpu_telemetry"": 151}",6,/home/latorresn/hyperion-results/sweeps/repetitions/runs/sweep_repetitions__rodinia_backprop__REF__rep06
,,rodinia_backprop,152,,994,"{""first_sample_no_delta"": 1, ""warmup_excluded"": 827, ""pmu_degraded"": 14, ""gpu_telemetry"": 152}",7,/home/latorresn/hyperion-results/sweeps/repetitions/runs/sweep_repetitions__rodinia_backprop__REF__rep07
,,rodinia_backprop,149,,981,"{""first_sample_no_delta"": 1, ""warmup_excluded"": 816, ""pmu_degraded"": 15, ""gpu_telemetry"": 149}",8,/home/latorresn/hyperion-results/sweeps/repetitions/runs/sweep_repetitions__rodinia_backprop__REF__rep08
,,rodinia_backprop,140,,972,"{""first_sample_no_delta"": 1, ""warmup_excluded"": 817, ""pmu_degraded"": 14, ""gpu_telemetry"": 140}",9,/home/latorresn/hyperion-results/sweeps/repetitions/runs/sweep_repetitions__rodinia_backprop__REF__rep09
,,rodinia_backprop,148,,979,"{""first_sample_no_delta"": 1, ""warmup_excluded"": 815, ""pmu_degraded"": 15, ""gpu_telemetry"": 148}",10,/home/latorresn/hyperion-results/sweeps/repetitions/runs/sweep_repetitions__rodinia_backprop__REF__rep10
,,rodinia_dwt2d,372,,2457,"{""first_sample_no_delta"": 1, ""warmup_excluded"": 945, ""pmu_degraded"": 115, ""intensity_undefined"": 1024, ""gpu_telemetry"": 372}",1,/home/latorresn/hyperion-results/sweeps/repetitions/runs/sweep_repetitions__rodinia_dwt2d__REF__rep01
,,rodinia_dwt2d,377,,2475,"{""first_sample_no_delta"": 1, ""warmup_excluded"": 943, ""pmu_degraded"": 128, ""intensity_undefined"": 1026, ""gpu_telemetry"": 377}",2,/home/latorresn/hyperion-results/sweeps/repetitions/runs/sweep_repetitions__rodinia_dwt2d__REF__rep02
,,rodinia_dwt2d,381,,2485,"{""first_sample_no_delta"": 1, ""warmup_excluded"": 950, ""pmu_degraded"": 120, ""intensity_undefined"": 1033, ""gpu_telemetry"": 381}",3,/home/latorresn/hyperion-results/sweeps/repetitions/runs/sweep_repetitions__rodinia_dwt2d__REF__rep03
,,rodinia_dwt2d,372,,2454,"{""first_sample_no_delta"": 1, ""warmup_excluded"": 958, ""pmu_degraded"": 111, ""intensity_undefined"": 1012, ""gpu_telemetry"": 372}",4,/home/latorresn/hyperion-results/sweeps/repetitions/runs/sweep_repetitions__rodinia_dwt2d__REF__rep04
,,rodinia_dwt2d,366,,2476,"{""first_sample_no_delta"": 1, ""warmup_excluded"": 944, ""pmu_degraded"": 127, ""intensity_undefined"": 1038, ""gpu_telemetry"": 366}",5,/home/latorresn/hyperion-results/sweeps/repetitions/runs/sweep_repetitions__rodinia_dwt2d__REF__rep05
,,rodinia_dwt2d,379,,2504,"{""first_sample_no_delta"": 1, ""warmup_excluded"": 939, ""pmu_degraded"": 132, ""intensity_undefined"": 1053, ""gpu_telemetry"": 379}",6,/home/latorresn/hyperion-results/sweeps/repetitions/runs/sweep_repetitions__rodinia_dwt2d__REF__rep06
,,rodinia_dwt2d,373,,2451,"{""first_sample_no_delta"": 1, ""warmup_excluded"": 970, ""pmu_degraded"": 100, ""intensity_undefined"": 1007, ""gpu_telemetry"": 373}",7,/home/latorresn/hyperion-results/sweeps/repetitions/runs/sweep_repetitions__rodinia_dwt2d__REF__rep07
,,rodinia_dwt2d,377,,2484,"{""first_sample_no_delta"": 1, ""warmup_excluded"": 947, ""pmu_degraded"": 125, ""intensity_undefined"": 1034, ""gpu_telemetry"": 377}",8,/home/latorresn/hyperion-results/sweeps/repetitions/runs/sweep_repetitions__rodinia_dwt2d__REF__rep08
,,rodinia_dwt2d,381,,2497,"{""first_sample_no_delta"": 1, ""warmup_excluded"": 943, ""pmu_degraded"": 128, ""intensity_undefined"": 1044, ""gpu_telemetry"": 381}",9,/home/latorresn/hyperion-results/sweeps/repetitions/runs/sweep_repetitions__rodinia_dwt2d__REF__rep09
,,rodinia_dwt2d,374,,2454,"{""first_sample_no_delta"": 1, ""warmup_excluded"": 954, ""pmu_degraded"": 115, ""intensity_undefined"": 1010, ""gpu_telemetry"": 374}",10,/home/latorresn/hyperion-results/sweeps/repetitions/runs/sweep_repetitions__rodinia_dwt2d__REF__rep10
,,rodinia_heartwall,56,,369,"{""first_sample_no_delta"": 1, ""warmup_excluded"": 278, ""pmu_degraded"": 15, ""intensity_undefined"": 19, ""gpu_telemetry"": 56}",1,/home/latorresn/hyperion-results/sweeps/repetitions/runs/sweep_repetitions__rodinia_heartwall__REF__rep01
,,rodinia_heartwall,55,,362,"{""first_sample_no_delta"": 1, ""warmup_excluded"": 277, ""pmu_degraded"": 16, ""intensity_undefined"": 13, ""gpu_telemetry"": 55}",2,/home/latorresn/hyperion-results/sweeps/repetitions/runs/sweep_repetitions__rodinia_heartwall__REF__rep02
,,rodinia_heartwall,55,,363,"{""first_sample_no_delta"": 1, ""warmup_excluded"": 278, ""pmu_degraded"": 15, ""intensity_undefined"": 14, ""gpu_telemetry"": 55}",3,/home/latorresn/hyperion-results/sweeps/repetitions/runs/sweep_repetitions__rodinia_heartwall__REF__rep03
,,rodinia_heartwall,53,,351,"{""first_sample_no_delta"": 1, ""warmup_excluded"": 293, ""intensity_undefined"": 4, ""gpu_telemetry"": 53}",4,/home/latorresn/hyperion-results/sweeps/repetitions/runs/sweep_repetitions__rodinia_heartwall__REF__rep04
,,rodinia_heartwall,55,,367,"{""first_sample_no_delta"": 1, ""warmup_excluded"": 279, ""pmu_degraded"": 14, ""intensity_undefined"": 18, ""gpu_telemetry"": 55}",5,/home/latorresn/hyperion-results/sweeps/repetitions/runs/sweep_repetitions__rodinia_heartwall__REF__rep05
,,rodinia_heartwall,54,,353,"{""first_sample_no_delta"": 1, ""warmup_excluded"": 293, ""intensity_undefined"": 5, ""gpu_telemetry"": 54}",6,/home/latorresn/hyperion-results/sweeps/repetitions/runs/sweep_repetitions__rodinia_heartwall__REF__rep06
,,rodinia_heartwall,56,,365,"{""first_sample_no_delta"": 1, ""warmup_excluded"": 279, ""pmu_degraded"": 14, ""intensity_undefined"": 15, ""gpu_telemetry"": 56}",7,/home/latorresn/hyperion-results/sweeps/repetitions/runs/sweep_repetitions__rodinia_heartwall__REF__rep07
,,rodinia_heartwall,53,,364,"{""first_sample_no_delta"": 1, ""warmup_excluded"": 278, ""pmu_degraded"": 15, ""intensity_undefined"": 17, ""gpu_telemetry"": 53}",8,/home/latorresn/hyperion-results/sweeps/repetitions/runs/sweep_repetitions__rodinia_heartwall__REF__rep08
,,rodinia_heartwall,57,,368,"{""first_sample_no_delta"": 1, ""warmup_excluded"": 279, ""pmu_degraded"": 14, ""intensity_undefined"": 17, ""gpu_telemetry"": 57}",9,/home/latorresn/hyperion-results/sweeps/repetitions/runs/sweep_repetitions__rodinia_heartwall__REF__rep09
,,rodinia_heartwall,53,,366,"{""first_sample_no_delta"": 1, ""warmup_excluded"": 279, ""pmu_degraded"": 14, ""intensity_undefined"": 19, ""gpu_telemetry"": 53}",10,/home/latorresn/hyperion-results/sweeps/repetitions/runs/sweep_repetitions__rodinia_heartwall__REF__rep10
,,rodinia_hotspot,1238,,8172,"{""first_sample_no_delta"": 1, ""warmup_excluded"": 2204, ""pmu_degraded"": 589, ""intensity_undefined"": 4140, ""gpu_telemetry"": 1238}",1,/home/latorresn/hyperion-results/sweeps/repetitions/runs/sweep_repetitions__rodinia_hotspot__REF__rep01
,,rodinia_hotspot,1238,,8149,"{""first_sample_no_delta"": 1, ""warmup_excluded"": 2204, ""pmu_degraded"": 599, ""intensity_undefined"": 4107, ""gpu_telemetry"": 1238}",2,/home/latorresn/hyperion-results/sweeps/repetitions/runs/sweep_repetitions__rodinia_hotspot__REF__rep02
,,rodinia_hotspot,1165,,8101,"{""first_sample_no_delta"": 1, ""warmup_excluded"": 2204, ""pmu_degraded"": 606, ""intensity_undefined"": 4125, ""gpu_telemetry"": 1165}",3,/home/latorresn/hyperion-results/sweeps/repetitions/runs/sweep_repetitions__rodinia_hotspot__REF__rep03
,,rodinia_hotspot,1239,,8157,"{""first_sample_no_delta"": 1, ""warmup_excluded"": 2204, ""pmu_degraded"": 590, ""intensity_undefined"": 4123, ""gpu_telemetry"": 1239}",4,/home/latorresn/hyperion-results/sweeps/repetitions/runs/sweep_repetitions__rodinia_hotspot__REF__rep04
,,rodinia_hotspot,1236,,8143,"{""first_sample_no_delta"": 1, ""warmup_excluded"": 2204, ""pmu_degraded"": 589, ""intensity_undefined"": 4113, ""gpu_telemetry"": 1236}",5,/home/latorresn/hyperion-results/sweeps/repetitions/runs/sweep_repetitions__rodinia_hotspot__REF__rep05
,,rodinia_hotspot,1232,,8143,"{""first_sample_no_delta"": 1, ""warmup_excluded"": 2204, ""pmu_degraded"": 590, ""intensity_undefined"": 4116, ""gpu_telemetry"": 1232}",6,/home/latorresn/hyperion-results/sweeps/repetitions/runs/sweep_repetitions__rodinia_hotspot__REF__rep06
,,rodinia_hotspot,1256,,8177,"{""first_sample_no_delta"": 1, ""warmup_excluded"": 2204, ""pmu_degraded"": 589, ""intensity_undefined"": 4127, ""gpu_telemetry"": 1256}",7,/home/latorresn/hyperion-results/sweeps/repetitions/runs/sweep_repetitions__rodinia_hotspot__REF__rep07
,,rodinia_hotspot,1238,,8145,"{""first_sample_no_delta"": 1, ""warmup_excluded"": 2203, ""pmu_degraded"": 586, ""intensity_undefined"": 4117, ""gpu_telemetry"": 1238}",8,/home/latorresn/hyperion-results/sweeps/repetitions/runs/sweep_repetitions__rodinia_hotspot__REF__rep08
,,rodinia_hotspot,1239,,8148,"{""first_sample_no_delta"": 1, ""warmup_excluded"": 2204, ""pmu_degraded"": 592, ""intensity_undefined"": 4112, ""gpu_telemetry"": 1239}",9,/home/latorresn/hyperion-results/sweeps/repetitions/runs/sweep_repetitions__rodinia_hotspot__REF__rep09
,,rodinia_hotspot,1235,,8134,"{""first_sample_no_delta"": 1, ""warmup_excluded"": 2204, ""pmu_degraded"": 583, ""intensity_undefined"": 4111, ""gpu_telemetry"": 1235}",10,/home/latorresn/hyperion-results/sweeps/repetitions/runs/sweep_repetitions__rodinia_hotspot__REF__rep10
,,rodinia_lavamd,922,,6437,"{""first_sample_no_delta"": 1, ""warmup_excluded"": 3739, ""pmu_degraded"": 1507, ""intensity_undefined"": 268, ""gpu_telemetry"": 922}",1,/home/latorresn/hyperion-results/sweeps/repetitions/runs/sweep_repetitions__rodinia_lavamd__REF__rep01
,,rodinia_lavamd,994,,6515,"{""first_sample_no_delta"": 1, ""warmup_excluded"": 3744, ""pmu_degraded"": 1508, ""intensity_undefined"": 268, ""gpu_telemetry"": 994}",2,/home/latorresn/hyperion-results/sweeps/repetitions/runs/sweep_repetitions__rodinia_lavamd__REF__rep02
,,rodinia_lavamd,996,,6533,"{""first_sample_no_delta"": 1, ""warmup_excluded"": 3761, ""pmu_degraded"": 1507, ""intensity_undefined"": 268, ""gpu_telemetry"": 996}",3,/home/latorresn/hyperion-results/sweeps/repetitions/runs/sweep_repetitions__rodinia_lavamd__REF__rep03
,,rodinia_lavamd,997,,6507,"{""first_sample_no_delta"": 1, ""warmup_excluded"": 3734, ""pmu_degraded"": 1506, ""intensity_undefined"": 269, ""gpu_telemetry"": 997}",4,/home/latorresn/hyperion-results/sweeps/repetitions/runs/sweep_repetitions__rodinia_lavamd__REF__rep04
,,rodinia_lavamd,1000,,6522,"{""first_sample_no_delta"": 1, ""warmup_excluded"": 3746, ""pmu_degraded"": 1507, ""intensity_undefined"": 268, ""gpu_telemetry"": 1000}",5,/home/latorresn/hyperion-results/sweeps/repetitions/runs/sweep_repetitions__rodinia_lavamd__REF__rep05
,,rodinia_lavamd,992,,6509,"{""first_sample_no_delta"": 1, ""warmup_excluded"": 3743, ""pmu_degraded"": 1507, ""intensity_undefined"": 266, ""gpu_telemetry"": 992}",6,/home/latorresn/hyperion-results/sweeps/repetitions/runs/sweep_repetitions__rodinia_lavamd__REF__rep06
,,rodinia_lavamd,992,,6508,"{""first_sample_no_delta"": 1, ""warmup_excluded"": 3742, ""pmu_degraded"": 1506, ""intensity_undefined"": 267, ""gpu_telemetry"": 992}",7,/home/latorresn/hyperion-results/sweeps/repetitions/runs/sweep_repetitions__rodinia_lavamd__REF__rep07
,,rodinia_lavamd,991,,6510,"{""first_sample_no_delta"": 1, ""warmup_excluded"": 3745, ""pmu_degraded"": 1505, ""intensity_undefined"": 268, ""gpu_telemetry"": 991}",8,/home/latorresn/hyperion-results/sweeps/repetitions/runs/sweep_repetitions__rodinia_lavamd__REF__rep08
,,rodinia_lavamd,929,,6463,"{""first_sample_no_delta"": 1, ""warmup_excluded"": 3753, ""pmu_degraded"": 1507, ""intensity_undefined"": 273, ""gpu_telemetry"": 929}",9,/home/latorresn/hyperion-results/sweeps/repetitions/runs/sweep_repetitions__rodinia_lavamd__REF__rep09
,,rodinia_lavamd,994,,6520,"{""first_sample_no_delta"": 1, ""warmup_excluded"": 3751, ""pmu_degraded"": 1506, ""intensity_undefined"": 268, ""gpu_telemetry"": 994}",10,/home/latorresn/hyperion-results/sweeps/repetitions/runs/sweep_repetitions__rodinia_lavamd__REF__rep10
,,rodinia_lud,1540,,10172,"{""first_sample_no_delta"": 1, ""warmup_excluded"": 976, ""pmu_degraded"": 24, ""intensity_undefined"": 7631, ""gpu_telemetry"": 1540}",1,/home/latorresn/hyperion-results/sweeps/repetitions/runs/sweep_repetitions__rodinia_lud__REF__rep01
,,rodinia_lud,1577,,10392,"{""first_sample_no_delta"": 1, ""warmup_excluded"": 975, ""pmu_degraded"": 25, ""intensity_undefined"": 7814, ""gpu_telemetry"": 1577}",2,/home/latorresn/hyperion-results/sweeps/repetitions/runs/sweep_repetitions__rodinia_lud__REF__rep02
,,rodinia_lud,1598,,10551,"{""first_sample_no_delta"": 1, ""warmup_excluded"": 975, ""pmu_degraded"": 25, ""intensity_undefined"": 7952, ""gpu_telemetry"": 1598}",3,/home/latorresn/hyperion-results/sweeps/repetitions/runs/sweep_repetitions__rodinia_lud__REF__rep03
,,rodinia_lud,1587,,10512,"{""first_sample_no_delta"": 1, ""warmup_excluded"": 977, ""pmu_degraded"": 23, ""intensity_undefined"": 7924, ""gpu_telemetry"": 1587}",4,/home/latorresn/hyperion-results/sweeps/repetitions/runs/sweep_repetitions__rodinia_lud__REF__rep04
,,rodinia_lud,1550,,10205,"{""first_sample_no_delta"": 1, ""warmup_excluded"": 975, ""pmu_degraded"": 25, ""intensity_undefined"": 7654, ""gpu_telemetry"": 1550}",5,/home/latorresn/hyperion-results/sweeps/repetitions/runs/sweep_repetitions__rodinia_lud__REF__rep05
,,rodinia_lud,1613,,10553,"{""first_sample_no_delta"": 1, ""warmup_excluded"": 976, ""pmu_degraded"": 24, ""intensity_undefined"": 7939, ""gpu_telemetry"": 1613}",6,/home/latorresn/hyperion-results/sweeps/repetitions/runs/sweep_repetitions__rodinia_lud__REF__rep06
,,rodinia_lud,1413,,9324,"{""first_sample_no_delta"": 1, ""warmup_excluded"": 975, ""pmu_degraded"": 25, ""intensity_undefined"": 6910, ""gpu_telemetry"": 1413}",7,/home/latorresn/hyperion-results/sweeps/repetitions/runs/sweep_repetitions__rodinia_lud__REF__rep07
,,rodinia_lud,1574,,10400,"{""first_sample_no_delta"": 1, ""warmup_excluded"": 976, ""pmu_degraded"": 24, ""intensity_undefined"": 7825, ""gpu_telemetry"": 1574}",8,/home/latorresn/hyperion-results/sweeps/repetitions/runs/sweep_repetitions__rodinia_lud__REF__rep08
,,rodinia_lud,1568,,10318,"{""first_sample_no_delta"": 1, ""warmup_excluded"": 976, ""pmu_degraded"": 24, ""intensity_undefined"": 7749, ""gpu_telemetry"": 1568}",9,/home/latorresn/hyperion-results/sweeps/repetitions/runs/sweep_repetitions__rodinia_lud__REF__rep09
,,rodinia_lud,1622,,10593,"{""first_sample_no_delta"": 1, ""warmup_excluded"": 977, ""pmu_degraded"": 23, ""intensity_undefined"": 7970, ""gpu_telemetry"": 1622}",10,/home/latorresn/hyperion-results/sweeps/repetitions/runs/sweep_repetitions__rodinia_lud__REF__rep10
,,rodinia_myocyte,1113,,7575,"{""first_sample_no_delta"": 1, ""warmup_excluded"": 960, ""pmu_degraded"": 2395, ""intensity_undefined"": 3106, ""gpu_telemetry"": 1113}",1,/home/latorresn/hyperion-results/sweeps/repetitions/runs/sweep_repetitions__rodinia_myocyte__REF__rep01
,,rodinia_myocyte,1158,,7670,"{""first_sample_no_delta"": 1, ""warmup_excluded"": 947, ""pmu_degraded"": 2459, ""intensity_undefined"": 3105, ""gpu_telemetry"": 1158}",2,/home/latorresn/hyperion-results/sweeps/repetitions/runs/sweep_repetitions__rodinia_myocyte__REF__rep02
,,rodinia_myocyte,1167,,7665,"{""first_sample_no_delta"": 1, ""warmup_excluded"": 959, ""pmu_degraded"": 2440, ""intensity_undefined"": 3098, ""gpu_telemetry"": 1167}",3,/home/latorresn/hyperion-results/sweeps/repetitions/runs/sweep_repetitions__rodinia_myocyte__REF__rep03
,,rodinia_myocyte,1162,,7643,"{""first_sample_no_delta"": 1, ""warmup_excluded"": 944, ""pmu_degraded"": 2433, ""intensity_undefined"": 3103, ""gpu_telemetry"": 1162}",4,/home/latorresn/hyperion-results/sweeps/repetitions/runs/sweep_repetitions__rodinia_myocyte__REF__rep04
,,rodinia_myocyte,1139,,7464,"{""first_sample_no_delta"": 1, ""warmup_excluded"": 958, ""pmu_degraded"": 2279, ""intensity_undefined"": 3087, ""gpu_telemetry"": 1139}",5,/home/latorresn/hyperion-results/sweeps/repetitions/runs/sweep_repetitions__rodinia_myocyte__REF__rep05
,,rodinia_myocyte,1113,,7594,"{""first_sample_no_delta"": 1, ""warmup_excluded"": 946, ""pmu_degraded"": 2442, ""intensity_undefined"": 3092, ""gpu_telemetry"": 1113}",6,/home/latorresn/hyperion-results/sweeps/repetitions/runs/sweep_repetitions__rodinia_myocyte__REF__rep06
,,rodinia_myocyte,1171,,7703,"{""first_sample_no_delta"": 1, ""warmup_excluded"": 939, ""pmu_degraded"": 2456, ""intensity_undefined"": 3136, ""gpu_telemetry"": 1171}",7,/home/latorresn/hyperion-results/sweeps/repetitions/runs/sweep_repetitions__rodinia_myocyte__REF__rep07
,,rodinia_myocyte,1168,,7639,"{""first_sample_no_delta"": 1, ""warmup_excluded"": 950, ""pmu_degraded"": 2417, ""intensity_undefined"": 3103, ""gpu_telemetry"": 1168}",8,/home/latorresn/hyperion-results/sweeps/repetitions/runs/sweep_repetitions__rodinia_myocyte__REF__rep08
,,rodinia_myocyte,1167,,7658,"{""first_sample_no_delta"": 1, ""warmup_excluded"": 946, ""pmu_degraded"": 2430, ""intensity_undefined"": 3114, ""gpu_telemetry"": 1167}",9,/home/latorresn/hyperion-results/sweeps/repetitions/runs/sweep_repetitions__rodinia_myocyte__REF__rep09
,,rodinia_myocyte,1166,,7656,"{""first_sample_no_delta"": 1, ""warmup_excluded"": 949, ""pmu_degraded"": 2438, ""intensity_undefined"": 3102, ""gpu_telemetry"": 1166}",10,/home/latorresn/hyperion-results/sweeps/repetitions/runs/sweep_repetitions__rodinia_myocyte__REF__rep10
